record;id;start_time;source_address;temperature;humidity;sound_level;light_level;uv_index;pressure;eco2;tvoc;magnetic;battery;created_at
;8905be8b-a578-495e-8f67-147855180c7a;;2128519425;38.253;23.273;34.05393981933594;0.625;0.2646484375;1019.861572265625;400;0;4294967.18;100;2022-06-27T20:17:25.345566
;0d18fcc1-6cfa-4afe-a220-c5ce94a3721e;;2128520512;37.931;24.54;20.989486694335938;0.1875;0.0390625;1020.3704833984375;403;0;4294967.243;100;2022-06-27T20:17:16.593067
;b99fad45-e61f-44fb-9fa2-67ba9ff35414;;2128520460;37.063;24.403;29.977033615112305;1.6875;0.1416015625;1019.492431640625;400;0;0.012;100;2022-06-27T20:17:02.863154
;aa31058b-7c6d-491f-a85e-40604f544d67;;2128519425;38.275;23.22;33.9410514831543;0.5625;0.171630859375;1019.9097900390625;400;0;4294967.189;100;2022-06-27T20:16:08.833245
;e5ea798c-9144-41b9-a6a8-e96c286aef34;;2128520460;37.063;24.38;30.591846466064453;0.65625;0.1650390625;1019.49658203125;400;0;0.011;100;2022-06-27T20:15:46.360868
;8d9532f0-dcf1-4f86-83c7-a19fa26a9852;;2128520512;37.974;24.502;31.37248992919922;0.28125;0.2412109375;1020.4407958984375;403;0;4294967.244;100;2022-06-27T20:15:00.265988
;0233ec20-65d8-4b4e-880c-d8a7bf547ae9;;2128519425;38.285;23.235;33.92362594604492;0.59375;0.5615234375;1019.9059448242188;400;0;4294967.181;100;2022-06-27T20:14:52.036543
;afd589be-997f-472a-a290-8df3a310740a;;2128520460;37.03;24.487;32.81238555908203;1.96826171875;0.1962890625;1019.5568237304688;400;0;0.01;100;2022-06-27T20:14:29.948918
;579f3057-3a9f-4641-942a-990b0d5abd21;;2128519425;38.264;23.243;34.0429573059082;1.03125;0.349365234375;1019.913330078125;400;0;4294967.185;100;2022-06-27T20:13:35.470123
;926a942b-4693-47d1-b7af-76a5a90f3d0d;;2128520460;36.913;24.57;29.979633331298828;1.09375;0.093994140625;1019.4886474609375;400;0;0.011;100;2022-06-27T20:13:13.429560
;c709844b-7be1-4732-97e5-301d6e25f6e8;;2128520512;37.953;24.441;36.1336669921875;0.09375;0.140380859375;1020.3312377929688;400;0;4294967.244;100;2022-06-27T20:12:43.585285
;10ed16ce-0b0f-4ae5-81a9-aa21635765d4;;2128519425;38.318;23.182;39.789451599121094;0.75;0.2646484375;1019.89794921875;400;0;4294967.184;100;2022-06-27T20:12:18.699353
;2f6f3e85-5d96-400a-a9d7-a9f326894069;;2128520460;36.934;24.517;35.46060562133789;2.062255859375;0.0625;1019.4886474609375;400;0;0.011;100;2022-06-27T20:11:56.979781
;dcd046b0-763f-44c0-98b4-5e7144f31897;;2128519425;38.328;23.106;33.87844467163086;0.9375;0.101318359375;1019.87890625;400;0;4294967.184;100;2022-06-27T20:11:02.106067
;ca114a82-569b-4723-8991-cebe335ecbbb;;2128520460;36.998;24.387;29.797651290893555;0.78125;0.32421875;1019.53564453125;400;0;0.007;100;2022-06-27T20:10:40.504533
;46d5c40d-4385-451c-a158-ba28d30eb79f;;2128520512;38.082;24.25;20.96868324279785;0.0;0.279052734375;1020.39013671875;400;0;4294967.245;100;2022-06-27T20:10:27.142832
;2c08bd0d-6d0d-4ac5-952e-84b49f2d236e;;2128519425;38.393;23.06;33.89252471923828;0.96875;0.101318359375;1019.9383544921875;400;0;4294967.184;100;2022-06-27T20:09:45.576527
;fbc094ac-1294-4860-87bf-d461331d49f6;;2128520460;36.988;24.426;30.31427001953125;2.562255859375;0.467041015625;1019.533935546875;400;0;0.011;100;2022-06-27T20:09:24.074607
;5fbe1d5f-fb76-405d-900f-e4f9a2660d45;;2128519425;38.393;23.037;37.336463928222656;0.84375;0.8125;1019.8204956054688;400;0;4294967.183;100;2022-06-27T20:08:29.050154
;96d87dee-8ac1-43ac-b841-6e9d357bbb46;;2128520512;38.221;24.128;31.34674835205078;0.125;0.179443359375;1020.2982788085938;400;0;4294967.244;100;2022-06-27T20:08:10.820945
;243f82a2-0b97-4c0e-9139-d30ff24370c3;;2128520460;37.03;24.303;29.999324798583984;2.781005859375;0.1728515625;1019.4779663085938;400;0;0.01;100;2022-06-27T20:08:07.587248
;984f047d-4a56-4e3e-b3ca-4e2df18287b9;;2128519425;38.382;23.014;33.97683334350586;1.28125;0.1962890625;1019.9000244140625;400;0;4294967.185;100;2022-06-27T20:07:12.197329
;45b52526-d1ec-423c-863d-c1795b4842bd;;2128520460;37.17;24.151;35.328697204589844;1.71875;0.062744140625;1019.5040893554688;400;0;0.013;100;2022-06-27T20:06:42.946650
;68b82960-a53e-43f5-a450-d6586676d897;;2128519425;38.446;23.022;33.927589416503906;1.15625;0.6240234375;1019.9000244140625;400;0;4294967.184;100;2022-06-27T20:05:55.525003
;348a9357-1b57-4d18-9535-e576e7eb04ee;;2128520512;38.242;24.158;31.480623245239258;0.0625;0.2646484375;1020.36328125;406;0;4294967.244;100;2022-06-27T20:05:54.181034
;93842d01-91e5-4c77-893b-1e58df3200c1;;2128520460;37.159;24.136;29.669937133789062;1.749755859375;0.220947265625;1019.4591674804688;400;0;0.012;100;2022-06-27T20:05:26.554729
;c5812384-4304-49cd-95bb-b33d9d8fb58d;;2128519425;38.435;23.052;33.96611785888672;1.78125;0.1943359375;1019.8560791015625;400;0;4294967.184;100;2022-06-27T20:04:38.856316
;38fbc9de-2abf-4a5f-bbce-7fe686fc6aaf;;2128520460;37.148;24.189;29.744178771972656;2.687255859375;0.404541015625;1019.4528198242188;400;0;0.007;100;2022-06-27T20:04:10.120912
;c972134b-f4eb-45ed-aa47-5923460f21f4;;2128520512;38.253;24.197;35.05752944946289;0.0625;0.2255859375;1020.2843627929688;400;0;4294967.245;100;2022-06-27T20:03:37.546810
;b3546bc6-237a-4d13-bc63-5d541431cdff;;2128519425;38.393;23.075;33.911075592041016;1.59375;0.093505859375;1019.8161010742188;400;0;4294967.181;100;2022-06-27T20:03:22.126191
;8a3d8c8e-2b1a-4737-8a66-2f873a31849b;;2128520460;37.148;24.235;17.908737182617188;1.124755859375;0.283447265625;1019.459716796875;400;0;0.011;100;2022-06-27T20:02:53.632185
;8fb27e60-4bac-459c-9f56-048977872be0;;2128519425;38.339;23.151;33.975406646728516;1.187255859375;0.294677734375;1019.7876586914062;400;0;4294967.186;100;2022-06-27T20:02:05.591094
;50d54b23-466b-4f21-a5e6-53974461d211;;2128520460;36.998;24.426;29.889835357666016;2.43701171875;0.1259765625;1019.5482788085938;400;0;0.007;100;2022-06-27T20:01:37.238095
;08276b7f-023c-4ff3-aeda-2a0ee0cc5ace;;2128520512;38.135;24.357;21.04799461364746;0.09375;0.902099609375;1020.2977905273438;400;0;4294967.246;100;2022-06-27T20:01:21.102749
;37a615b0-d235-4d00-98be-137c18c363ef;;2128519425;38.275;23.212;22.903873443603516;1.593505859375;0.478271484375;1019.834716796875;400;0;4294967.183;100;2022-06-27T20:00:49.092791
;891eda29-bf57-44b3-a376-09a7be9e41eb;;2128520460;36.913;24.494;35.45391845703125;1.93701171875;0.260009765625;1019.4891967773438;410;1;0.01;100;2022-06-27T20:00:20.830912
;3be91b82-a151-4d47-9e3b-492a15c89ab4;;2128519425;38.232;23.251;23.538562774658203;1.562255859375;0.39453125;1019.861572265625;400;0;4294967.184;100;2022-06-27T19:59:32.626711
;acdef3a3-174f-4c47-96be-47e2f96a4e2f;;2128520512;38.114;24.273;31.496463775634766;0.21875;0.2255859375;1020.3080444335938;400;0;4294967.244;100;2022-06-27T19:59:04.833885
;387d8ec2-d133-4797-9c9d-c5f803c3a0b2;;2128520460;37.138;24.288;30.050310134887695;1.718505859375;0.093994140625;1019.4724731445312;400;0;0.012;100;2022-06-27T19:59:04.325691
;c23f53b5-514b-438e-9c61-9b386d782aa0;;2128519425;38.221;23.19;20.976516723632812;1.718505859375;0.279052734375;1019.9282836914062;400;0;4294967.181;100;2022-06-27T19:58:16.129026
;a0d8880a-e648-4624-aac1-380b06adf76a;;2128520460;37.106;24.227;33.46553421020508;2.968505859375;0.283447265625;1019.5176391601562;400;0;0.013;100;2022-06-27T19:57:47.643095
;7b529eca-79e9-4cf6-be8a-c577119c460e;;2128519425;38.275;23.014;33.934471130371094;2.37451171875;0.310302734375;1019.8087768554688;400;0;4294967.184;100;2022-06-27T19:56:59.671489
;6b55461c-63ab-4af4-a1dc-f95df9bced48;;2128520512;38.189;24.097;31.482254028320312;0.21875;0.341552734375;1020.3562622070312;400;0;4294967.246;100;2022-06-27T19:56:48.337639
;c39c2801-8538-4a35-98cf-22eaf6e88da6;;2128520460;37.041;24.242;21.830448150634766;1.843505859375;0.213134765625;1019.5097045898438;400;0;0.015;100;2022-06-27T19:56:31.128028
;192f9ded-5e71-49b6-a522-d8835f9c1fcd;;2128519425;38.414;22.915;34.09489440917969;1.96826171875;0.302490234375;1019.8568725585938;400;0;4294967.185;100;2022-06-27T19:55:34.935215
;f9846a26-51eb-4c19-a46b-e8ba364707bf;;2128520460;36.998;24.181;29.96353530883789;2.530517578125;0.1572265625;1019.467529296875;400;0;0.01;100;2022-06-27T19:55:14.741475
;9610f4ba-0110-49c1-a6ed-769d19b392e9;;2128520512;38.146;24.151;32.08876419067383;0.03125;0.0625;1020.3133544921875;400;0;4294967.244;100;2022-06-27T19:54:31.889589
;cc91ac8d-c274-41a1-aad8-76bad749a947;;2128519425;38.414;22.93;33.96961212158203;2.12451171875;0.42578125;1019.873046875;400;0;4294967.181;100;2022-06-27T19:54:18.380221
;85433443-a51c-4ff0-b437-8854c7e2f5ca;;2128520460;37.138;24.09;29.567869186401367;3.405517578125;0.109130859375;1019.50048828125;400;0;0.01;100;2022-06-27T19:53:58.330912
;1c2d0059-db7f-48c6-b825-a94623fe4e89;;2128519425;38.414;22.907;33.9881591796875;2.436767578125;0.302490234375;1019.884521484375;400;0;4294967.185;100;2022-06-27T19:53:01.775918
;109ca129-309f-49ca-8209-6699bdd5e54b;;2128520460;37.073;24.143;30.328981399536133;2.718017578125;0.220947265625;1019.5176391601562;400;0;0.011;100;2022-06-27T19:52:41.912816
;e0365fae-e79b-4874-80da-7bb1fbf497bc;;2128520512;38.21;24.09;31.909503936767578;0.375;0.2412109375;1020.2913208007812;400;0;4294967.243;100;2022-06-27T19:52:15.534697
;6245ebd2-ccf0-450f-8871-ac78fe735e57;;2128519425;38.435;22.892;33.91110610961914;2.936767578125;0.6240234375;1019.8292236328125;400;0;4294967.185;100;2022-06-27T19:51:45.085415
;ccf3eabf-5be5-4a5e-87e0-ba7bb867e020;;2128520460;37.116;24.12;35.32961654663086;3.436767578125;0.086181640625;1019.4486694335938;400;0;0.011;100;2022-06-27T19:51:25.438088
;903d3ff3-8412-4d80-833c-bdfd96ca28c2;;2128519425;38.435;22.923;34.084388732910156;3.155517578125;0.41015625;1019.8453369140625;400;0;4294967.184;100;2022-06-27T19:50:28.513229
;f27e647b-084a-4396-9ef9-f8eedc4a242f;;2128520460;37.02;24.258;32.75593185424805;2.6240234375;0.140380859375;1019.4598388671875;400;0;0.01;100;2022-06-27T19:50:08.950254
;ffabb8d7-4311-4a92-aca8-da0eb48998eb;;2128520512;38.307;23.96;32.136348724365234;0.375;0.364990234375;1020.2451782226562;400;0;4294967.243;100;2022-06-27T19:49:59.205772
;4627fa75-781a-4c93-a49c-6c45190b3e97;;2128519425;38.414;22.961;34.115623474121094;3.124267578125;0.45703125;1019.836669921875;400;0;4294967.186;100;2022-06-27T19:49:12.025021
;4df4f626-826e-4051-badc-f3d54f57512b;;2128520460;37.084;24.105;29.81171226501465;3.4990234375;0.0078125;1019.3895874023438;400;0;0.012;100;2022-06-27T19:48:52.212792
;e1996ba9-724a-4260-a79e-86a26ff2b151;;2128519425;38.371;22.984;33.958152770996094;3.749267578125;0.6083984375;1019.760009765625;400;0;4294967.185;100;2022-06-27T19:47:55.497013
;49dbbc4d-e95f-4dad-b8fa-197b9c82d316;;2128520512;38.307;24.044;31.955894470214844;0.1875;0.41015625;1020.166259765625;400;0;4294967.243;100;2022-06-27T19:47:42.837022
;dc511855-09c4-4afc-975e-ccaba8916d88;;2128520460;37.277;23.891;33.80816650390625;3.561279296875;0.220947265625;1019.2971801757812;410;1;0.01;100;2022-06-27T19:47:27.534601
;d82a174d-b2fb-4734-9584-375dd65a4876;;2128519425;38.36;22.877;39.730690002441406;3.623779296875;0.39453125;1019.739501953125;400;0;4294967.184;100;2022-06-27T19:46:38.862281
;e297891a-200c-4ea2-af28-fe3b71053ebe;;2128520460;37.256;23.891;30.321348190307617;4.592041015625;0.205322265625;1019.413330078125;400;0;0.012;100;2022-06-27T19:46:11.064206
;9b9325f1-4f63-4c8e-a49f-61e18bc14ed1;;2128520512;38.307;24.021;31.374988555908203;0.1875;0.2177734375;1020.1682739257812;400;0;4294967.245;100;2022-06-27T19:45:26.416549
;220f3e01-6efe-4e1f-9ccf-7c424799ad67;;2128519425;38.543;22.785;37.54266357421875;3.7802734375;0.156005859375;1019.7120361328125;400;0;4294967.185;100;2022-06-27T19:45:14.016167
;55e1e57b-5502-4cfa-be39-60d96a3c0111;;2128520460;37.213;23.945;29.961833953857422;3.311279296875;0.2255859375;1019.3790893554688;415;2;0.012;100;2022-06-27T19:44:54.660641
;b9c5dd5a-ec5c-48a5-a2bd-f564b53d9c18;;2128519425;38.532;22.793;36.724918365478516;4.154541015625;0.03125;1019.61669921875;400;0;4294967.183;100;2022-06-27T19:43:57.470426
;acb6722f-8f89-47d7-b392-68a81fcc11a1;;2128520460;37.245;23.937;21.27904510498047;4.43505859375;0.0546875;1019.2587280273438;400;0;0.011;100;2022-06-27T19:43:38.138981
;ec3ca013-5796-4071-a32b-eb30fa3c4411;;2128520512;38.285;23.991;31.93947982788086;0.5625;0.341552734375;1020.0516967773438;400;0;4294967.243;100;2022-06-27T19:43:10.037261
;8e716fe1-2434-4412-943b-a19445010e0d;;2128519425;38.532;22.77;36.718788146972656;4.31005859375;0.302490234375;1019.6685180664062;400;0;4294967.181;100;2022-06-27T19:42:40.851216
;d796d633-f13a-45d7-a203-344bce02a057;;2128520460;37.181;23.975;32.969200134277344;4.49755859375;0.1806640625;1019.2935791015625;400;0;0.01;100;2022-06-27T19:42:21.739786
;948324d2-5378-4386-a37f-dfaf9f689241;;2128519425;38.553;22.739;33.9908561706543;4.591552734375;0.325927734375;1019.6051635742188;400;0;4294967.183;100;2022-06-27T19:41:24.243390
;569212f8-ede7-44be-b5ab-405379cf0280;;2128520460;37.138;23.899;32.6448860168457;5.9970703125;0.078369140625;1019.2366943359375;400;0;0.011;100;2022-06-27T19:41:05.245376
;043dfadd-361d-4082-b4db-efa78f0763c0;;2128520512;38.296;23.975;31.285913467407227;0.46875;0.44140625;1020.0653076171875;400;0;4294967.244;100;2022-06-27T19:40:53.503309
;2ad27297-792a-471d-99ef-4362772fc854;;2128519425;38.543;22.724;34.10553741455078;4.840087890625;0.698974609375;1019.5972900390625;400;0;4294967.185;100;2022-06-27T19:40:07.669289
;b16cb673-31bf-4eed-b084-53ba9bcb08a2;;2128520460;37.288;23.823;30.06874656677246;4.997314453125;0.404541015625;1019.34033203125;400;0;0.012;100;2022-06-27T19:39:48.836871
;8b0a1492-f54a-4b29-ac8d-9657a81af1bf;;2128519425;38.564;22.739;37.30519104003906;4.965087890625;0.2021484375;1019.577880859375;400;0;4294967.184;100;2022-06-27T19:38:51.182513
;d109dc6a-1a37-47e5-98eb-9507e14ff64f;;2128520512;38.264;24.029;31.811790466308594;0.53125;0.38671875;1020.03466796875;400;0;4294967.245;100;2022-06-27T19:38:37.081524
;b05712ad-3412-4415-ba83-c3891803a008;;2128520460;37.299;23.785;29.904319763183594;5.341064453125;0.1806640625;1019.2453002929688;400;0;0.007;100;2022-06-27T19:38:32.364888
;0dc70cb3-a60e-46c6-abb1-832a77b92650;;2128519425;38.564;22.755;34.030479431152344;5.622314453125;0.39453125;1019.6174926757812;400;0;4294967.183;100;2022-06-27T19:37:34.608747
;b6c9cf93-53e4-4ddd-94da-1697b77d3c03;;2128520460;37.342;23.762;33.68986892700195;4.871337890625;0.6875;1019.2199096679688;400;0;0.012;100;2022-06-27T19:37:15.882833
;01942ce1-9ac1-44ae-9e5b-9307a8354a2f;;2128520512;38.253;23.945;36.80239486694336;0.5625;0.404541015625;1020.099609375;400;0;4294967.246;100;2022-06-27T19:36:20.741151
;b6f80879-7ed1-405a-8230-89fd8fcd29ce;;2128519425;38.532;22.724;33.932640075683594;6.0283203125;0.286865234375;1019.6012573242188;400;0;4294967.185;100;2022-06-27T19:36:18.037763
;f07f1637-7931-409a-97da-a35377a8c64f;;2128520460;37.299;23.8;29.995128631591797;6.0888671875;0.0859375;1019.232421875;400;0;0.012;100;2022-06-27T19:35:59.375500
;335dbbb4-164d-4b74-b9ee-60b431b66752;;2128519425;38.553;22.724;33.92509460449219;6.68310546875;0.1943359375;1019.581787109375;400;0;4294967.185;100;2022-06-27T19:35:01.474234
;a215da62-6994-406d-a3cb-28dad79a4d90;;2128520460;37.309;23.769;35.41970443725586;5.746337890625;0.37890625;1019.243408203125;400;0;0.01;100;2022-06-27T19:34:42.939802
;12c66d2f-2aab-4ad9-b9df-07c0848fca2c;;2128520512;38.275;23.975;33.788970947265625;0.5;0.302490234375;1020.0072631835938;400;0;4294967.245;100;2022-06-27T19:34:04.313385
;a12a6310-ad1d-4747-9a60-283796fca9c4;;2128519425;38.532;22.747;33.963802337646484;6.431884765625;0.140380859375;1019.5775146484375;400;0;4294967.183;100;2022-06-27T19:33:45.003543
;6edd5a69-a12d-4098-b2d8-ac0bf2c441af;;2128520460;37.234;23.808;30.08234977722168;5.715087890625;0.054931640625;1019.2540893554688;400;0;0.011;100;2022-06-27T19:33:26.491963
;3bb3e77f-dcdd-438b-a454-fefbd66945d7;;2128519425;38.532;22.762;34.047325134277344;7.025634765625;0.325927734375;1019.5613403320312;400;0;4294967.181;100;2022-06-27T19:32:28.490357
;974553d0-4e9a-4fc3-968e-7819c228f1f6;;2128520460;37.234;23.884;20.372411727905273;7.71240234375;0.629150390625;1019.314697265625;400;0;0.012;100;2022-06-27T19:32:10.078950
;80414426-ec64-4d68-b71e-79ddd67d497e;;2128520512;38.221;24.021;36.01921081542969;0.5625;0.0625;1020.0432739257812;400;0;4294967.245;100;2022-06-27T19:31:47.900024
;283cd49c-8f77-45aa-bd56-98cf532b5c44;;2128519425;38.511;22.77;33.99592208862305;7.5859375;0.124755859375;1019.6598510742188;400;0;4294967.183;100;2022-06-27T19:31:11.910053
;3934ec4f-071a-49d7-8bb5-28ee969f7ea6;;2128520460;37.127;23.907;29.869787216186523;8.085693359375;0.1416015625;1019.2228393554688;400;0;0.008;100;2022-06-27T19:30:53.544123
;0592b7b0-8a2b-4256-b226-0c9dbc97f88a;;2128519425;38.478;22.709;37.55908203125;7.7421875;0.341552734375;1019.6083374023438;400;0;4294967.184;100;2022-06-27T19:29:55.422903
;e4491129-5e72-4306-979e-8a0dfe5e4a27;;2128520460;37.041;23.983;32.829837799072266;7.6171875;0.0390625;1019.2382202148438;400;0;0.012;100;2022-06-27T19:29:37.040879
;61bf6768-a4cd-4808-ba69-0a8824d27763;;2128520512;38.2;24.006;35.89556884765625;0.5625;0.2646484375;1020.0379028320312;400;0;4294967.245;100;2022-06-27T19:29:31.485949
;b36e5714-5db6-45ee-bbf0-d209d13158c6;;2128519425;38.435;22.739;33.99490737915039;8.614501953125;0.03125;1019.6397094726562;400;0;4294967.186;100;2022-06-27T19:28:38.884300
;890a561a-095d-4eb8-9d65-cb85077fcff2;;2128520460;37.116;23.838;33.583133697509766;7.7109375;0.0078125;1019.2935791015625;400;0;0.01;100;2022-06-27T19:28:20.606694
;a936d6d6-426c-4c29-921f-2c5faac0ac37;;2128519425;38.457;22.8;33.920562744140625;9.114501953125;0.41796875;1019.5917358398438;400;0;4294967.183;100;2022-06-27T19:27:22.232032
;6ddf0c53-4f20-410c-a17a-7d49d0053dc2;;2128520512;38.167;23.983;36.061683654785156;0.96875;0.310302734375;1020.1163940429688;400;0;4294967.243;100;2022-06-27T19:27:15.056884
;756b8f1d-5cd0-4869-98eb-47dc0e05dd3c;;2128520460;37.127;23.922;30.173999786376953;9.052001953125;0.1884765625;1019.2503051757812;400;0;0.012;100;2022-06-27T19:27:04.143745
;fb760080-4566-40bd-bb74-7792ecc80206;;2128519425;38.425;22.846;38.36513137817383;9.177001953125;0.325927734375;1019.5597534179688;400;0;4294967.183;100;2022-06-27T19:26:05.666877
;df40a844-deef-420d-8121-9fd432b4be1a;;2128520460;37.181;23.83;29.979835510253906;8.614501953125;0.2568359375;1019.2525024414062;400;0;0.011;100;2022-06-27T19:25:47.653011
;10392e9d-f5a0-49e8-a8d3-20a701a148a1;;2128520512;38.049;24.151;22.16499900817871;1.09375;0.070556640625;1020.1060791015625;400;0;4294967.245;100;2022-06-27T19:24:58.621072
;7a78ed46-282e-4369-b68d-a71d3924f513;;2128519425;38.35;22.884;21.462074279785156;10.173828125;0.116943359375;1019.5784301757812;400;0;4294967.181;100;2022-06-27T19:24:49.119319
;79abaff7-f18b-4a33-93d7-28b52048a31d;;2128520460;37.148;23.861;29.887792587280273;9.926025390625;0.5478515625;1019.2291259765625;400;0;0.012;100;2022-06-27T19:24:31.167973
;63d10e9b-a011-4904-8c51-37b0094f3908;;2128519425;38.275;22.793;33.911808013916016;10.735107421875;0.023681640625;1019.5103759765625;400;0;4294967.181;100;2022-06-27T19:23:32.633023
;574b8381-0c86-473f-9f95-d240f34ad307;;2128520460;37.063;23.899;30.172271728515625;9.145751953125;0.086181640625;1019.2255249023438;400;0;0.01;100;2022-06-27T19:23:14.540828
;c22666d7-c5e9-4e25-822e-ea524f7c90c8;;2128520512;37.985;24.052;31.464784622192383;1.218505859375;0.294677734375;1020.040283203125;400;0;4294967.243;100;2022-06-27T19:22:42.219546
;f709e4f5-d5de-4390-be1d-f7fe552f1fae;;2128519425;38.275;22.793;36.953060150146484;11.04638671875;0.341552734375;1019.53759765625;400;0;4294967.183;100;2022-06-27T19:22:16.073190
;7a97f5e3-0892-4491-a1cb-afd848c4e0c4;;2128520460;36.945;23.975;29.995006561279297;10.767578125;0.0078125;1019.2134399414062;400;0;0.011;100;2022-06-27T19:21:58.029900
;55b62ba2-c146-45c8-8725-7a437802a943;;2128519425;38.2;22.877;33.97563934326172;11.825439453125;0.0546875;1019.584228515625;400;0;4294967.183;100;2022-06-27T19:20:59.478189
;8983f3f9-a184-44c6-8f61-f086a868bca5;;2128520460;36.859;24.151;29.804256439208984;10.797607421875;0.388916015625;1019.26513671875;400;0;0.011;100;2022-06-27T19:20:41.561535
;8ba780ee-d206-4926-9f20-61c6800d747b;;2128520512;37.899;24.067;31.326955795288086;1.343505859375;0.1943359375;1020.0811767578125;400;0;4294967.244;100;2022-06-27T19:20:25.852698
;c13a25dc-1f4d-4d62-88c0-d900992dc25c;;2128519425;38.2;22.831;34.03192901611328;12.57373046875;0.2568359375;1019.5878295898438;400;0;4294967.181;100;2022-06-27T19:19:43.012631
;e0802699-efbd-4bde-9d6c-fc57d62c7fdc;;2128520460;36.784;24.174;35.94224166870117;11.92138671875;0.36328125;1019.2313842773438;400;0;0.01;100;2022-06-27T19:19:24.992121
;eb63905c-0c69-47ab-af2f-36f5382b6fac;;2128519425;38.178;22.747;33.982967376708984;12.9462890625;0.364990234375;1019.5560913085938;400;0;4294967.181;100;2022-06-27T19:18:26.527204
;4ba5081f-7ac6-4ba0-b81e-7e2dd5f52060;;2128520512;37.931;23.937;31.24784278869629;1.593505859375;0.1416015625;1019.9614868164062;400;0;4294967.245;100;2022-06-27T19:18:09.444702
;fc86cf87-7f03-40c5-a7f9-7245655728b4;;2128520460;36.666;24.212;29.867834091186523;11.39013671875;0.5712890625;1019.1331176757812;400;0;0.011;100;2022-06-27T19:18:08.458737
;59720c0c-932b-4d5e-9328-8f2cea001aef;;2128519425;38.146;22.793;38.42752456665039;13.53857421875;0.325927734375;1019.4607543945312;400;0;4294967.181;100;2022-06-27T19:17:10.028727
;e65de429-22aa-4079-8fde-485933827da3;;2128520460;36.462;24.387;29.81325340270996;12.9150390625;0.228759765625;1019.17919921875;400;0;0.008;100;2022-06-27T19:16:51.986831
;9f8c22be-997b-4bc6-94eb-e4f087106afb;;2128519425;38.146;22.785;33.93172073364258;14.660400390625;0.493896484375;1019.5036010742188;400;0;4294967.184;100;2022-06-27T19:15:53.464678
;f43448f3-58fe-468a-ab9e-255a0defe88a;;2128520512;37.985;23.823;35.9730224609375;1.62451171875;0.093505859375;1019.920654296875;400;0;4294967.244;100;2022-06-27T19:15:53.077556
;97f0c5c4-79f6-4ef8-a08d-ca3fe12d155b;;2128520460;36.494;24.242;30.294448852539062;13.5712890625;0.078125;1019.156982421875;400;0;0.011;100;2022-06-27T19:15:35.489870
;cb3b2d83-3386-41da-abd9-87f88c05c2b9;;2128519425;38.124;22.854;33.88121795654297;15.1259765625;0.310302734375;1019.4718627929688;400;0;4294967.184;100;2022-06-27T19:14:36.886275
;93ba66fd-d110-4aa7-a7c5-329f6c973de2;;2128520460;36.891;23.853;35.88192367553711;14.129150390625;0.228759765625;1019.1342163085938;415;2;0.012;100;2022-06-27T19:14:10.691214
;d159b0f0-e9c8-4243-a8f4-c1fa7c8fa8d0;;2128520512;38.071;23.853;31.41444969177246;1.53076171875;0.286865234375;1019.927978515625;400;0;4294967.24;100;2022-06-27T19:13:36.652091
;8f51e40a-ab00-4d86-9942-bb8341431b21;;2128519425;38.028;22.93;33.92665100097656;16.086181640625;0.179443359375;1019.4751586914062;400;0;4294967.181;100;2022-06-27T19:13:20.356958
;cc7e3a31-79cf-4c77-8d95-219a29dd3699;;2128520460;36.848;24.075;35.93384552001953;14.34521484375;0.1650390625;1019.157958984375;400;0;0.008;100;2022-06-27T19:12:54.143589
;14b182e6-dded-444b-b467-38f4b66b4d5b;;2128519425;38.221;22.686;36.98005294799805;16.619384765625;0.325927734375;1019.5031127929688;400;0;4294967.183;100;2022-06-27T19:12:03.802684
;826ac587-9818-4266-9068-d957531b5183;;2128520460;36.752;23.953;29.87063217163086;14.158935546875;0.420166015625;1019.1204833984375;400;0;0.01;100;2022-06-27T19:11:37.705299
;6fdf5746-e2f9-46be-861b-aa697c657c6b;;2128520512;38.135;23.808;35.79170227050781;1.686767578125;0.30859375;1019.9488525390625;400;0;4294967.246;100;2022-06-27T19:11:20.313973
;c14ffee9-0045-4be3-954d-75949b449bdf;;2128519425;38.371;22.656;33.98969650268555;17.709228515625;0.333740234375;1019.52734375;400;0;4294967.183;100;2022-06-27T19:10:38.990675
;fd64e73c-545d-4fbf-aa14-da233076dc7f;;2128520460;36.966;23.899;33.836326599121094;15.5322265625;0.5166015625;1019.1532592773438;400;0;0.012;100;2022-06-27T19:10:21.321692
;115caa9d-14bf-4905-b04c-51abdeaa5807;;2128519425;38.382;22.884;33.9544677734375;18.736328125;0.2490234375;1019.499267578125;400;0;4294967.186;100;2022-06-27T19:09:22.486365
;6c72e165-ce5a-4002-a415-a42d30459fe7;;2128520460;37.063;23.846;30.12342071533203;15.560546875;0.205322265625;1019.1170043945312;400;0;0.008;100;2022-06-27T19:09:04.814655
;44cf2bee-a881-4bf2-b800-6ba0658a4191;;2128520512;38.178;24.052;31.751628875732422;2.06201171875;0.2568359375;1019.880126953125;400;0;4294967.244;100;2022-06-27T19:09:03.852437
;daa508e5-86aa-47f7-9940-7f45de518c3c;;2128519425;38.275;22.961;33.916297912597656;19.359375;0.2333984375;1019.4937744140625;400;0;4294967.183;100;2022-06-27T19:08:05.979393
;7b398328-48f1-48e9-986e-5d5a97035190;;2128520460;37.181;23.846;30.08620834350586;17.117431640625;0.629150390625;1019.1495971679688;400;0;0.015;100;2022-06-27T19:07:40.033749
;6d0127f9-8467-4933-8b21-2b7f01297fdf;;2128519425;38.178;22.984;34.00436782836914;20.041015625;0.2646484375;1019.4539184570312;400;0;4294967.183;100;2022-06-27T19:06:49.403992
;b36ddc9f-8197-4b30-ba1c-244aa4e89c2b;;2128520512;38.092;24.075;32.045616149902344;2.40576171875;0.36328125;1020.0220336914062;400;0;4294967.246;100;2022-06-27T19:06:47.448752
;62ae2949-e443-4888-9054-c7b45c94f992;;2128520460;37.009;23.93;33.69931411743164;18.734375;0.37890625;1019.1570434570312;400;0;0.01;100;2022-06-27T19:06:23.630784
;4c6df188-a1de-4425-9784-8e4f56d31665;;2128519425;38.232;22.892;33.98008728027344;21.3779296875;0.078369140625;1019.498779296875;400;0;4294967.184;100;2022-06-27T19:05:32.820878
;14532261-3e29-42e7-abd7-f3b1927fdd46;;2128520460;36.87;24.128;30.21653938293457;17.92041015625;0.244384765625;1019.1774291992188;400;0;0.01;100;2022-06-27T19:05:07.193548
;43bce695-4864-49e3-807f-7d4de553aa4f;;2128520512;37.974;24.166;32.05402755737305;2.468017578125;0.325927734375;1019.9238891601562;400;0;4294967.244;100;2022-06-27T19:04:31.058208
;02826e13-fcc3-4594-a9cd-002451cee3d2;;2128519425;38.285;22.854;33.95044708251953;22.247802734375;0.163818359375;1019.5060424804688;400;0;4294967.181;100;2022-06-27T19:04:16.308024
;58c579ac-e5d4-4970-a2f8-a199142f4f77;;2128520460;36.773;24.143;33.643798828125;18.886962890625;0.5087890625;1019.1716918945312;400;0;0.008;100;2022-06-27T19:03:50.564381
;7115ddea-6aa2-4d90-83af-ae4ed65d5d05;;2128519425;38.189;22.732;37.35760498046875;23.024169921875;0.341552734375;1019.4771118164062;400;0;4294967.183;100;2022-06-27T19:02:59.807322
;17c66314-35e1-4752-bf90-00f27b562799;;2128520460;36.709;24.082;30.4351806640625;20.255126953125;0.1884765625;1019.06201171875;400;0;0.008;100;2022-06-27T19:02:25.828421
;811891cd-8f08-48c5-8703-45cc3b0b9eb6;;2128520512;37.856;23.907;36.01223373413086;2.655029296875;0.470458984375;1019.9679565429688;400;0;4294967.244;100;2022-06-27T19:02:14.512799
;cceffd1f-30ef-4235-a7b4-9e53dbbe9a15;;2128519425;38.2;22.678;38.62721633911133;23.73583984375;0.318115234375;1019.4216918945312;400;0;4294967.18;100;2022-06-27T19:01:43.011002
;794089d2-f4c6-4369-929b-99fcbc184879;;2128520460;36.784;23.975;29.910884857177734;20.5341796875;0.062744140625;1019.0979614257812;400;0;0.01;100;2022-06-27T19:01:09.321582
;5a0cae8a-15a3-4534-92bf-461d4c590c5e;;2128519425;38.178;22.739;34.04961013793945;24.605224609375;0.333740234375;1019.3623657226562;400;0;4294967.183;100;2022-06-27T19:00:26.415107
;ca9cdab8-f37c-4f9b-b31e-596397b12d8f;;2128520512;37.846;23.96;20.787147521972656;3.186767578125;0.0625;1019.872314453125;400;0;4294967.245;100;2022-06-27T18:59:58.077936
;0b3e599d-6a80-4453-94b2-2a1c4b5f44ae;;2128520460;36.655;24.09;29.940032958984375;22.957275390625;0.1103515625;1019.0320434570312;400;0;0.01;100;2022-06-27T18:59:52.827857
;47377724-af75-4750-bdf6-a81b6dd24bda;;2128519425;38.124;22.785;34.12197494506836;26.3212890625;0.015625;1019.3856811523438;400;0;4294967.185;100;2022-06-27T18:59:09.953784
;cffb80d3-71f7-4b45-8bb1-450b53b6d401;;2128520460;36.816;24.09;29.57871437072754;22.801025390625;0.396728515625;1019.0848388671875;400;0;0.01;100;2022-06-27T18:58:36.435183
;28ebc4be-71f6-48b2-91c7-971d700cb8a1;;2128519425;38.039;22.861;33.96794891357422;27.151123046875;0.43359375;1019.3800659179688;400;0;4294967.185;100;2022-06-27T18:57:53.449294
;2a0e2a91-18e9-47f3-a871-e783e23b65c2;;2128520512;37.846;24.052;36.82925796508789;2.9052734375;0.062744140625;1019.9216918945312;400;0;4294967.241;100;2022-06-27T18:57:41.701295
;de415a76-8a7a-4c67-bd00-efca01fafda2;;2128520460;36.816;23.975;30.095867156982422;23.327880859375;0.5791015625;1018.9989013671875;400;0;0.01;100;2022-06-27T18:57:19.924888
;ef478aab-48be-480e-9395-933b085333ca;;2128519425;37.996;22.892;34.037723541259766;28.612548828125;0.1806640625;1019.3995361328125;400;0;4294967.183;100;2022-06-27T18:56:36.846189
;4d97e2ce-78b4-4869-bfdb-6d7b6e98efe5;;2128520460;36.762;23.991;35.784461975097656;25.09765625;0.605712890625;1019.0314331054688;400;0;0.011;100;2022-06-27T18:56:03.502751
;cf08f725-0708-4af4-b65b-339fa0b58f76;;2128520512;37.728;24.075;32.0133056640625;3.4990234375;0.2412109375;1019.915283203125;400;0;4294967.243;100;2022-06-27T18:55:25.206355
;cdb6ac40-8558-48ab-8022-98d57652da57;;2128519425;38.167;22.686;33.9918098449707;29.44775390625;0.2099609375;1019.4078369140625;400;0;4294967.178;100;2022-06-27T18:55:20.334868
;7fa9d652-6ea5-4b5a-9e57-fa355003e671;;2128520460;36.955;23.93;29.660140991210938;26.2783203125;0.1962890625;1018.9681396484375;400;0;0.011;100;2022-06-27T18:54:46.976000
;97990219-3e3d-48a4-89fc-f2a0107c50c7;;2128519425;38.328;22.64;34.025901794433594;31.025390625;0.2646484375;1019.3367309570312;400;0;4294967.186;100;2022-06-27T18:53:55.587117
;518f8e79-e144-4dea-a849-37ea682a0d9b;;2128520460;36.88;23.937;29.818099975585938;26.8408203125;0.1025390625;1019.0007934570312;400;0;0.008;100;2022-06-27T18:53:30.556078
;fa9965cb-fce3-4ccb-a360-1cb1c22782a7;;2128520512;38.028;23.914;31.678573608398438;3.56103515625;0.493896484375;1019.815185546875;400;0;4294967.243;100;2022-06-27T18:53:08.813145
;a3033284-16be-44b4-9e1c-8975c745f232;;2128519425;38.318;22.656;34.06454849243164;32.2646484375;0.078125;1019.4198608398438;400;0;4294967.183;100;2022-06-27T18:52:39.093067
;00720bb0-6ceb-4e06-ba36-86e85bdc634d;;2128520460;36.848;24.036;33.42397689819336;28.039306640625;0.078369140625;1019.0119018554688;400;0;0.012;100;2022-06-27T18:52:14.065407
;aa9a2cf2-46e0-40ed-ad02-ce76f4849819;;2128519425;38.318;22.564;21.511554718017578;33.78515625;0.44921875;1019.380615234375;400;0;4294967.181;100;2022-06-27T18:51:22.580219
;2262dbcb-2517-4694-9e38-5e4c7dcd14ff;;2128520460;36.752;24.021;35.56452560424805;29.598388671875;0.1181640625;1018.97314453125;400;0;0.011;100;2022-06-27T18:50:57.582555
;1269db12-b106-46e6-bf74-91aa6be4128c;;2128520512;37.996;23.846;35.396095275878906;3.7158203125;0.078369140625;1019.7245483398438;400;0;4294967.244;100;2022-06-27T18:50:52.412130
;86528a00-dfe9-4c48-adba-b8df249d7190;;2128519425;38.371;22.617;34.070220947265625;35.2978515625;0.41796875;1019.3623657226562;400;0;4294967.185;100;2022-06-27T18:50:05.937196
;4f50138a-4243-4d3c-a4f1-d499b99485fa;;2128520460;36.87;24.052;36.4865837097168;30.7412109375;0.404541015625;1018.9857788085938;400;0;0.011;100;2022-06-27T18:49:40.959823
;64147dde-2651-49d1-9df7-4ed5c47c4bcb;;2128519425;38.35;22.617;39.08467483520508;36.5048828125;0.078125;1019.3138427734375;400;0;4294967.185;100;2022-06-27T18:48:49.387887
;be316590-619f-4f75-901e-8f23bb548274;;2128520512;38.028;23.808;28.276458740234375;4.341552734375;0.03125;1019.7689819335938;400;0;4294967.246;100;2022-06-27T18:48:35.918532
;3ae0a44e-ac2a-47c1-94b9-c14ba64c14b0;;2128520460;36.677;24.021;30.027923583984375;31.331298828125;0.0546875;1019.0315551757812;400;0;0.01;100;2022-06-27T18:48:24.468846
;69594778-c346-407e-809b-5bb0d34e8192;;2128519425;38.339;22.656;34.061038970947266;37.99365234375;0.2099609375;1019.3256225585938;400;0;4294967.185;100;2022-06-27T18:47:32.834904
;a86c126d-5b25-4df0-9973-e276cbcd7da7;;2128520460;36.762;24.09;30.205984115600586;32.532470703125;0.0234375;1018.9625244140625;400;0;0.011;100;2022-06-27T18:47:08.053680
;7dfaa1da-4072-4187-a338-b3e0a1499491;;2128520512;38.039;23.899;31.42650604248047;4.591552734375;0.509521484375;1019.7587280273438;400;0;4294967.241;100;2022-06-27T18:46:19.489448
;a8fff076-4d50-4ef2-9c68-e0af93eac668;;2128519425;38.36;22.663;36.587791442871094;39.75732421875;0.509521484375;1019.2899780273438;400;0;4294967.184;100;2022-06-27T18:46:16.149142
;66470e14-6262-4542-961a-35c48a3e43cb;;2128520460;36.795;24.052;30.079402923583984;34.4892578125;0.32421875;1019.0036010742188;400;0;0.011;100;2022-06-27T18:45:51.639894
;9cbfd20d-eca5-4ccf-aea8-202b660050f4;;2128519425;38.318;22.633;34.134979248046875;41.395263671875;0.062744140625;1019.3015747070312;400;0;4294967.184;100;2022-06-27T18:44:59.558973
;bbd71328-a4c5-4b7f-8ccf-a84c481c66be;;2128520460;36.784;23.93;35.830970764160156;34.512939453125;0.1181640625;1018.976318359375;400;0;0.013;100;2022-06-27T18:44:35.167856
;8abc9d63-365e-4f06-b105-f86199df4840;;2128520512;38.017;23.968;21.16939926147461;4.810302734375;0.093994140625;1019.7547607421875;400;0;4294967.244;100;2022-06-27T18:44:03.078133
;2a70572f-e8f2-4556-aafd-e6e79171d2b8;;2128519425;38.307;22.648;37.59016036987305;43.02880859375;0.093505859375;1019.3375244140625;400;0;4294967.185;100;2022-06-27T18:43:43.074379
;f51b0a49-f00d-4cc1-b869-53fc1f1192b1;;2128520460;36.709;24.09;30.646629333496094;36.400146484375;0.1103515625;1018.98828125;400;0;0.012;100;2022-06-27T18:43:10.411893
;b3de25ed-e12d-409d-9fbe-c8f6ef6c1613;;2128519425;38.318;22.678;34.075801849365234;44.5712890625;0.45703125;1019.297607421875;400;0;4294967.185;100;2022-06-27T18:42:26.504590
;aebdf3c7-03a7-4bd8-b2b6-1318aa04214f;;2128520460;36.73;24.029;30.525039672851562;37.94921875;0.148193359375;1019.0184326171875;400;0;0.013;100;2022-06-27T18:41:53.859517
;b025541b-e5cb-4bd3-8f7a-8e4fe6ad3999;;2128520512;37.985;23.899;35.69526290893555;4.903564453125;0.2412109375;1019.7633056640625;400;0;4294967.243;100;2022-06-27T18:41:46.823948
;c737cf6c-4ddd-4c8e-91cf-cde04a5ccd3e;;2128519425;38.307;22.686;34.01228332519531;46.166748046875;0.156005859375;1019.3529663085938;400;0;4294967.183;100;2022-06-27T18:41:09.855326
;7f8b37b8-8738-4754-a17d-87ec2f94f13e;;2128520460;36.88;24.006;30.074865341186523;39.5576171875;0.171630859375;1018.9085693359375;400;0;0.012;100;2022-06-27T18:40:37.203413
;f867f615-fd3b-4ac8-9905-24cc537a4046;;2128519425;38.275;22.762;34.085243225097656;47.38037109375;0.45703125;1019.3046875;400;0;4294967.186;100;2022-06-27T18:39:53.307015
;3843a69f-fe03-4aed-9907-8e265333d6f3;;2128520512;37.985;23.975;38.48985290527344;5.496337890625;0.2490234375;1019.8385009765625;400;0;4294967.244;100;2022-06-27T18:39:30.134735
;08c0827a-1cc2-4ce3-8ef4-05fa308b0a59;;2128520460;36.698;24.258;29.872026443481445;39.062255859375;0.0625;1018.9266357421875;400;0;0.012;100;2022-06-27T18:39:20.816574
;bcdcd0b0-61bc-468e-b3eb-aa1de550578c;;2128519425;38.275;22.717;34.06511306762695;48.17626953125;0.179443359375;1019.3675537109375;400;0;4294967.183;100;2022-06-27T18:38:36.633170
;0a6ef2eb-4421-477c-8173-564f3718240c;;2128520460;36.537;24.357;32.601463317871094;41.129150390625;0.062744140625;1018.9646606445312;400;0;0.011;100;2022-06-27T18:38:04.404364
;ba34feae-bb08-43ad-b017-4a0259ad03f4;;2128519425;38.221;22.77;36.95795440673828;49.5458984375;0.509521484375;1019.3240356445312;400;0;4294967.183;100;2022-06-27T18:37:20.031469
;2430cf0c-ce6f-4ece-8efd-cac1bf4e7119;;2128520512;37.996;23.96;31.39846420288086;5.371337890625;0.031494140625;1019.7493896484375;400;0;4294967.244;100;2022-06-27T18:37:13.697358
;41e1f399-7b5e-4c87-a152-306ab4ce015c;;2128520460;36.451;24.494;29.907339096069336;41.6953125;0.5400390625;1019.0099487304688;400;0;0.007;100;2022-06-27T18:36:47.815729
;8fce8ce6-a22a-42f6-ad39-17be60410b22;;2128519425;38.221;22.823;34.04829406738281;51.04443359375;0.156005859375;1019.33154296875;400;0;4294967.183;100;2022-06-27T18:36:03.448346
;6882ade8-345a-4d4f-a6d7-37def53fc6be;;2128520460;36.655;24.281;33.32738494873047;42.430419921875;0.03125;1019.0020141601562;400;0;0.01;100;2022-06-27T18:35:31.319355
;05993c34-7715-4895-9a2a-01e26ca2e4cd;;2128520512;37.985;23.96;35.50823974609375;5.869140625;0.675537109375;1019.7493896484375;400;0;4294967.241;100;2022-06-27T18:34:57.257134
;a6b07a84-ad7b-43bb-93ae-106c69efbf4c;;2128519425;38.146;22.869;34.028221130371094;51.54443359375;0.286865234375;1019.3505249023438;400;0;4294967.184;100;2022-06-27T18:34:46.849381
;632a1621-8df0-40b2-a11b-f083148f1c0e;;2128520460;36.709;24.22;32.6699333190918;44.4462890625;0.0078125;1018.930419921875;400;0;0.012;100;2022-06-27T18:34:06.580720
;6c12bdea-92df-4547-81d8-222f5eab96bc;;2128519425;38.114;22.991;33.9910888671875;51.866943359375;0.486083984375;1019.3646850585938;400;0;4294967.178;100;2022-06-27T18:33:30.348501
;da7085ec-2302-4456-8cf9-18b0cc76ca07;;2128520460;36.698;24.265;29.808000564575195;44.557861328125;0.252197265625;1018.9866943359375;400;0;0.01;100;2022-06-27T18:32:50.054022
;c18e5121-628c-406e-8273-daadf4df8428;;2128520512;37.985;23.937;31.40667152404785;6.2431640625;0.0234375;1019.8213500976562;400;0;4294967.243;100;2022-06-27T18:32:40.797835
;c092308a-4e7c-4e73-8d2d-54123e43d267;;2128519425;37.985;22.968;34.07548904418945;52.880615234375;0.054931640625;1019.3482666015625;416;2;4294967.184;100;2022-06-27T18:32:13.879086
;82f4fd64-e285-4686-9078-2a96c92c7ac0;;2128520460;36.612;24.189;29.9095458984375;45.865234375;0.086181640625;1018.963623046875;400;0;0.008;100;2022-06-27T18:31:33.566485
;3c2dcb6f-1f7c-49bc-8dc4-41099c6467f7;;2128519425;38.157;22.785;34.06710433959961;53.772216796875;0.163818359375;1019.2659912109375;400;0;4294967.179;100;2022-06-27T18:30:57.295424
;033ffd2c-1c2b-47f0-8cb8-bb42d19f6044;;2128520512;38.039;23.968;31.9835205078125;6.306884765625;0.43359375;1019.7531127929688;400;0;4294967.241;100;2022-06-27T18:30:24.334050
;503e8b5c-7d43-4313-8326-43330d187a27;;2128520460;36.923;24.059;30.436077117919922;46.791748046875;0.070556640625;1018.9338989257812;400;0;0.012;100;2022-06-27T18:30:08.827732
;7e0a8372-9228-4a07-9c34-e80595fd7468;;2128519425;38.328;22.686;34.06726837158203;54.66552734375;0.294677734375;1019.2857055664062;400;0;4294967.186;100;2022-06-27T18:29:32.577020
;ab1429ea-6370-45c3-beec-3902928f14ed;;2128520460;36.966;23.953;29.879016876220703;46.322998046875;0.213134765625;1018.9423217773438;400;0;0.01;100;2022-06-27T18:28:52.339162
;33104dc7-f4bf-4ae9-8413-1cf701b796e9;;2128519425;38.328;22.686;37.93147659301758;54.957275390625;0.2177734375;1019.3015747070312;400;0;4294967.183;100;2022-06-27T18:28:15.989963
;8992f160-69e4-454b-bfa6-38c4743913af;;2128520512;38.039;23.975;35.831058502197266;6.3681640625;0.325927734375;1019.7000122070312;400;0;4294967.245;100;2022-06-27T18:28:08.015422
;ff396eab-910f-4cc8-bf94-87812083c0f9;;2128520460;37.009;23.891;30.057228088378906;47.90234375;0.0625;1018.8948364257812;400;0;0.011;100;2022-06-27T18:27:35.933333
;e07f7de3-e98b-477d-8f51-d2f1b623f004;;2128519425;38.339;22.793;34.16450881958008;55.545654296875;0.525146484375;1019.2579956054688;400;0;4294967.181;100;2022-06-27T18:26:59.505261
;010d7d81-4287-43be-83ad-eba8aac5ba2a;;2128520460;36.966;24.105;30.213014602661133;48.979248046875;0.35546875;1018.8826293945312;400;0;0.01;100;2022-06-27T18:26:19.500695
;94978b62-c284-45ad-98c4-1ada72d74134;;2128520512;37.921;24.143;34.77399444580078;6.8369140625;0.2333984375;1019.6807861328125;400;0;4294967.245;100;2022-06-27T18:25:51.646570
;76795970-4ba2-4687-8205-b204316cf7cd;;2128519425;38.296;22.77;34.12074661254883;56.828369140625;0.41796875;1019.328857421875;400;0;4294967.181;100;2022-06-27T18:25:42.913935
;d2dc2f2a-fc1b-4c3e-8e9e-b1a541e57e9c;;2128520460;36.709;24.281;21.22637176513672;48.947998046875;0.236572265625;1018.92236328125;400;0;0.012;100;2022-06-27T18:25:03.112772
;db1baf81-fb1a-48bc-8f38-102633ae5be9;;2128519425;38.242;22.8;34.073829650878906;57.88525390625;0.078125;1019.1856079101562;400;0;4294967.183;100;2022-06-27T18:24:26.419025
;e5232160-a8ea-41b8-bbfd-edba18e13502;;2128520460;36.687;24.158;30.03666877746582;51.085693359375;0.1416015625;1018.9204711914062;400;0;0.013;100;2022-06-27T18:23:46.710869
;a0f980a0-e86f-47f9-8c09-a216417660dd;;2128520512;37.867;24.174;31.60032081604004;7.2421875;0.086181640625;1019.78857421875;400;0;4294967.244;100;2022-06-27T18:23:35.020985
;a9732ab5-c276-4c64-b0f7-4df400f36b2f;;2128519425;38.242;22.816;34.008609771728516;59.058837890625;0.294677734375;1019.2227172851562;400;0;4294967.184;100;2022-06-27T18:23:09.855819
;465caeb6-96b4-46ce-a8a6-5ae38991c361;;2128520460;36.955;24.113;29.829133987426758;50.88818359375;0.116943359375;1018.886474609375;400;0;0.011;100;2022-06-27T18:22:22.012750
;b7971660-20c9-42d3-bf3b-8b6efe86532b;;2128519425;38.318;22.732;34.06300354003906;60.041748046875;0.470458984375;1019.1990356445312;400;0;4294967.18;100;2022-06-27T18:21:53.307751
;5bfd6076-b74a-45bb-9abf-4ce0755f40a1;;2128520512;37.695;24.258;21.923017501831055;7.3046875;0.6318359375;1019.716552734375;400;0;4294967.241;100;2022-06-27T18:21:18.563962
;1aa78bbe-5b2a-46da-bdf6-43ebdea31586;;2128520460;36.709;24.342;36.13286590576172;52.3076171875;0.205322265625;1018.8317260742188;400;0;0.012;100;2022-06-27T18:21:05.593205
;8785a5bf-33b8-4d17-ac50-77518e76acab;;2128519425;38.307;22.678;34.00600051879883;60.927734375;0.43359375;1019.2579956054688;400;0;4294967.184;100;2022-06-27T18:20:36.810481
;0a25bd12-a271-45ab-9b4b-10e516c176c9;;2128520460;36.644;24.273;21.32988929748535;53.88671875;0.1650390625;1018.8453369140625;400;0;0.01;100;2022-06-27T18:19:49.105824
;5c73a6e4-06bf-4c41-b598-245ab2bb66fa;;2128519425;38.328;22.686;37.62713623046875;62.203125;0.267822265625;1019.2462768554688;400;0;4294967.189;100;2022-06-27T18:19:20.318641
;d459764f-a295-4d66-9450-a5caa4b2d9af;;2128520512;37.996;23.93;32.009456634521484;7.4296875;0.171630859375;1019.6860961914062;400;0;4294967.245;100;2022-06-27T18:19:02.312657
;17cfe163-f9e5-43d3-afbd-e3a65b783972;;2128520460;36.666;24.197;30.122648239135742;54.373779296875;0.1181640625;1018.9031372070312;400;0;0.012;100;2022-06-27T18:18:32.689773
;2f387b62-4c83-48cd-9b11-6234c40b3ab1;;2128519425;38.296;22.717;34.0954475402832;63.3310546875;0.325927734375;1019.2615356445312;400;0;4294967.188;100;2022-06-27T18:18:03.816860
;353055d1-af5c-4c5c-b771-fdc15f3e4f38;;2128520460;36.827;24.097;32.377288818359375;56.4423828125;0.6796875;1018.8848266601562;400;0;0.012;100;2022-06-27T18:17:08.036366
;ff144f8f-dcbe-4764-b37f-8ff8e86a5258;;2128519425;38.285;22.732;34.01799392700195;64.668701171875;0.364990234375;1019.3521728515625;400;0;4294967.185;100;2022-06-27T18:16:47.206305
;47829089-dd97-40d8-a311-c0aaeb2b39f6;;2128520512;38.006;23.975;31.313690185546875;8.021728515625;0.38671875;1019.740966796875;400;0;4294967.24;100;2022-06-27T18:16:45.962328
;7ee0673a-8945-47e5-9fa6-44736e2e9370;;2128520460;36.891;24.052;20.644346237182617;56.7548828125;0.1181640625;1018.8780517578125;400;0;0.011;100;2022-06-27T18:15:51.566499
;04bb148b-907c-4dfc-a817-2b5fdea56210;;2128519425;38.242;22.785;34.06691360473633;66.197021484375;0.023681640625;1019.2845458984375;400;0;4294967.184;100;2022-06-27T18:15:30.495550
;f24a7265-e6e2-49a8-b0c3-54c1bb126c14;;2128520460;36.934;24.075;33.102901458740234;57.543701171875;0.078125;1018.9281005859375;400;0;0.007;100;2022-06-27T18:14:35.005517
;a74412b0-b5a3-4d32-9405-46858ade3dbc;;2128520512;38.006;23.937;32.49203872680664;8.552001953125;0.213134765625;1019.69140625;400;0;4294967.244;100;2022-06-27T18:14:29.466773
;4b7f0184-5763-4e64-afee-df3186ff4d45;;2128519425;38.189;22.861;33.98331832885742;67.3935546875;0.486083984375;1019.2398681640625;400;0;4294967.183;100;2022-06-27T18:14:13.721609
;896b81f6-a00c-4c2f-ab2c-e89bdc74ebc5;;2128520460;36.805;23.983;30.097904205322266;58.847412109375;0.31640625;1018.98876953125;400;0;0.011;100;2022-06-27T18:13:18.548994
;51d6a196-31b8-419a-b5da-5a16b3c44d4e;;2128519425;38.232;22.701;34.111122131347656;68.0302734375;0.691162109375;1019.24755859375;400;0;4294967.185;100;2022-06-27T18:12:56.971839
;92344240-10e8-43d1-b254-c402221f42b7;;2128520512;38.114;23.838;31.7612247467041;8.27099609375;0.310302734375;1019.6954956054688;400;0;4294967.243;100;2022-06-27T18:12:12.976855
;4b541208-487e-4805-8747-4645628edcc9;;2128520460;37.191;23.739;29.81804656982422;60.07958984375;0.1181640625;1018.8478393554688;400;0;0.012;100;2022-06-27T18:11:53.915574
;24d6a491-186e-4969-b992-5463eec46ace;;2128519425;38.425;22.64;39.082828521728516;69.66357421875;0.501708984375;1019.2638549804688;400;0;4294967.183;100;2022-06-27T18:11:32.144471
;446e0da3-7b0e-4910-8273-5dff49686bbf;;2128520460;37.116;23.762;30.048004150390625;61.340087890625;0.0078125;1018.8568725585938;400;0;0.008;100;2022-06-27T18:10:37.413414
;b7f33cc0-7c8a-4337-bc1e-0b32f09f7c96;;2128519425;38.435;22.633;21.63401985168457;71.031982421875;0.302490234375;1019.1099243164062;400;0;4294967.185;100;2022-06-27T18:10:15.560745
;96692d74-8b8d-4fa1-aefe-31a0c0d02342;;2128520512;38.114;23.899;31.4492244720459;8.707275390625;0.41796875;1019.5753173828125;400;0;4294967.245;100;2022-06-27T18:09:56.628876
;c54737d2-4fb7-4810-bea1-31e66e068f81;;2128520460;37.052;23.853;31.995872497558594;62.308837890625;0.03125;1018.881103515625;400;0;0.01;100;2022-06-27T18:09:20.956223
;726c4c73-e166-4378-897a-c61ce7868c8a;;2128519425;38.435;22.633;33.975685119628906;71.687255859375;0.548583984375;1019.196533203125;400;0;4294967.184;100;2022-06-27T18:08:59.115516
;9947dad1-8976-49ec-a6f9-e2ce25963bbc;;2128520460;37.116;23.815;30.12606430053711;63.150390625;0.1259765625;1018.8936767578125;400;0;0.007;100;2022-06-27T18:08:04.232321
;efcd022c-79e3-4473-8f8b-38db9d474145;;2128519425;38.435;22.755;17.242868423461914;72.78271484375;0.43359375;1019.2562255859375;400;0;4294967.184;100;2022-06-27T18:07:42.568157
;50862b8e-0da7-4475-81f4-c78740448aab;;2128520512;38.146;23.983;35.1131591796875;9.363525390625;0.1572265625;1019.6815795898438;400;0;4294967.244;100;2022-06-27T18:07:40.293370
;a08a7930-8049-49c1-8b1d-18de575a061b;;2128520460;37.138;23.869;30.146381378173828;63.980224609375;0.1259765625;1018.8786010742188;400;0;0.01;100;2022-06-27T18:06:47.817018
;94eaa43e-7bd2-4d01-9a48-f6957c646ff7;;2128519425;38.435;22.732;37.5227165222168;74.262451171875;0.1943359375;1019.2599487304688;400;0;4294967.184;100;2022-06-27T18:06:26.126597
;45475956-d15b-4fe2-a74f-8dd8bc04c02b;;2128520460;36.998;24.059;30.06432342529297;66.201171875;0.047119140625;1018.81689453125;400;0;0.012;100;2022-06-27T18:05:31.381731
;3dc7716a-24b4-4afb-a6a2-b2a9f4aadf8d;;2128520512;38.114;23.945;31.54250717163086;9.269775390625;0.1181640625;1019.7003784179688;400;0;4294967.243;100;2022-06-27T18:05:23.866294
;1fb3b138-14ca-4bbd-9055-6f2f8fb9c569;;2128519425;38.393;22.671;34.050662994384766;75.36279296875;0.493896484375;1019.2318115234375;400;0;4294967.186;100;2022-06-27T18:05:09.529459
;d972603e-035d-4651-9eef-b656f46969f4;;2128520460;36.913;24.075;30.14054298400879;65.553955078125;0.35546875;1018.8822021484375;400;0;0.013;100;2022-06-27T18:04:14.842773
;e5b2124a-5113-4676-a0cc-da853989ff09;;2128519425;38.414;22.678;23.74356460571289;75.77880859375;0.2333984375;1019.2915649414062;400;0;4294967.183;100;2022-06-27T18:03:53.030639
;563dbf1b-3c03-40f7-82c0-471b4c20cb71;;2128520512;38.146;23.93;31.412357330322266;9.269775390625;0.2255859375;1019.6337280273438;400;0;4294967.241;100;2022-06-27T18:03:07.412207
;e834ca7b-53cd-4114-a7d0-8b860afe3955;;2128520460;36.988;24.059;30.085731506347656;67.76123046875;0.093994140625;1018.765625;400;0;0.011;100;2022-06-27T18:02:58.215431
;2b45cb19-6ff9-4331-b082-4e8911d5d756;;2128519425;38.414;22.663;22.395408630371094;77.40966796875;0.6005859375;1019.236083984375;400;0;4294967.184;100;2022-06-27T18:02:36.594665
;4f86cf3e-a45f-4c6c-ba0e-c85fe06bfbe9;;2128520460;36.805;24.204;33.723201751708984;67.79248046875;0.109130859375;1018.8655395507812;400;0;0.011;100;2022-06-27T18:01:41.807449
;8d201d30-b86c-42b5-9dc1-d2ece53688a6;;2128519425;38.414;22.663;23.569305419921875;78.746337890625;0.039306640625;1019.2243041992188;400;0;4294967.185;100;2022-06-27T18:01:20.095081
;d0cc284d-f05b-45a8-9d60-4573aade2ac3;;2128520512;38.135;23.861;36.14394760131836;9.6748046875;0.486083984375;1019.6456298828125;400;0;4294967.243;100;2022-06-27T18:00:51.010988
;a6951cfa-0859-499b-bdb1-b30dc2145d7c;;2128520460;36.848;24.097;30.042922973632812;70.342041015625;0.1865234375;1018.790771484375;400;0;0.01;100;2022-06-27T18:00:25.325690
;007f91cc-788a-4fb7-ba38-14403a90c151;;2128519425;38.414;22.663;37.635986328125;79.9296875;0.517333984375;1019.1213989257812;400;0;4294967.183;100;2022-06-27T18:00:03.583998
;145ac014-50ad-4c83-9826-72bf2acab156;;2128520460;36.966;23.907;32.424232482910156;70.549560546875;0.420166015625;1018.7845458984375;400;0;0.011;100;2022-06-27T17:59:00.604058
;bbb1f5f2-630f-4080-8657-b8ddc19fbd64;;2128519425;38.435;22.671;34.1595344543457;81.20361328125;0.2177734375;1019.1573486328125;400;0;4294967.186;100;2022-06-27T17:58:47.032395
;857865f4-6491-4162-980a-6085d8b68565;;2128520512;38.114;23.869;35.97737121582031;9.922607421875;0.109130859375;1019.6782836914062;400;0;4294967.246;100;2022-06-27T17:58:34.384028
;cfb1f8b4-5f99-43e2-a9cb-f747b3d9d332;;2128520460;37.095;23.777;30.06497573852539;71.545654296875;0.2490234375;1018.78564453125;400;0;0.015;100;2022-06-27T17:57:44.110877
;afcce078-2895-4542-94f0-a9d22c3caf33;;2128519425;38.446;22.656;22.10097312927246;81.903076171875;0.179443359375;1019.1099243164062;400;0;4294967.183;100;2022-06-27T17:57:30.543175
;1bdb1a3a-e1e7-408b-bafd-44cfdeda5dd8;;2128520460;37.17;23.777;30.11765480041504;71.826904296875;0.467041015625;1018.7001342773438;400;0;0.012;100;2022-06-27T17:56:27.441052
;8c9769e7-4987-4417-83ff-21a8bbe5828c;;2128520512;38.114;23.907;31.380807876586914;10.766357421875;0.1650390625;1019.635498046875;400;0;4294967.245;100;2022-06-27T17:56:17.837685
;6d34dd40-faf2-4ef5-a07d-0f4624a12dfb;;2128519425;38.425;22.648;37.32203674316406;82.8798828125;0.6083984375;1019.0465698242188;400;0;4294967.183;100;2022-06-27T17:56:14.078947
;8815e90c-7e79-4311-9a63-6bea3abb2958;;2128520460;37.116;23.762;33.386924743652344;73.6318359375;0.7265625;1018.7993774414062;400;0;0.012;100;2022-06-27T17:55:10.841679
;f84a89bd-460d-45d0-8ef4-a68db28b2586;;2128519425;38.446;22.663;33.99185562133789;84.1650390625;0.706787109375;1019.1177978515625;400;0;4294967.185;100;2022-06-27T17:54:57.512231
;5db63ba7-cb4c-42fd-be17-f85dab6c4981;;2128520512;38.071;23.884;34.77726745605469;10.451904296875;0.213134765625;1019.6472778320312;400;0;4294967.241;100;2022-06-27T17:54:01.383561
;55ecdce1-7cf8-4230-9758-469cb5a39f6e;;2128520460;37.052;23.899;33.59799575805664;74.186767578125;0.267822265625;1018.8015747070312;400;0;0.011;100;2022-06-27T17:53:54.332284
;64dcd7ca-9919-4c63-b258-087bdd98a331;;2128519425;38.414;22.633;39.77256774902344;84.98486328125;0.039306640625;1019.1253051757812;400;0;4294967.185;100;2022-06-27T17:53:40.966967
;0a414abb-c9cf-4e69-b062-101a84156bfb;;2128520460;36.902;23.876;38.639225006103516;74.8564453125;0.078125;1018.8131103515625;400;0;0.01;100;2022-06-27T17:52:37.687656
;7790a442-113d-4169-bf16-cee739845b73;;2128519425;38.403;22.602;37.367069244384766;86.206787109375;0.310302734375;1019.077880859375;400;0;4294967.188;100;2022-06-27T17:52:24.378140
;67bd1e17-806d-4b03-8e80-1fb3c7cda575;;2128520512;38.135;23.785;36.276763916015625;11.044189453125;0.349365234375;1019.5704956054688;400;0;4294967.241;100;2022-06-27T17:51:44.896868
;787757e5-b22b-4276-9703-144c6a4b365d;;2128520460;37.03;23.808;30.324472427368164;76.34130859375;0.5087890625;1018.8786010742188;400;0;0.013;100;2022-06-27T17:51:21.010815
;36818d81-7e7e-4917-afa5-8693ef99f305;;2128519425;38.425;22.61;37.65488052368164;87.105224609375;0.286865234375;1019.0822143554688;400;0;4294967.183;100;2022-06-27T17:51:07.888594
;d34c1596-8195-4cc4-a595-c6974854b5da;;2128520460;37.095;23.731;29.904998779296875;77.02685546875;0.086181640625;1018.8895263671875;400;0;0.011;100;2022-06-27T17:50:04.518955
;1889b76a-2605-4643-af18-18084867a31a;;2128519425;38.414;22.625;34.00502014160156;88.01123046875;0.325927734375;1019.219970703125;400;0;4294967.181;100;2022-06-27T17:49:51.370214
;35c15f4b-5747-493d-a770-bada4bfc7a88;;2128520512;38.146;23.808;31.722028732299805;11.29638671875;0.1259765625;1019.6526489257812;400;0;4294967.245;100;2022-06-27T17:49:28.169673
;dc8d9b6b-ebc2-4d5b-951d-b054b950f142;;2128520460;37.202;23.647;21.391759872436523;77.712646484375;0.517333984375;1018.7943725585938;400;0;0.012;100;2022-06-27T17:48:48.037574
;887b51dc-21a4-4146-8bdd-2d40aa04f767;;2128519425;38.414;22.701;37.519805908203125;89.145263671875;0.0078125;1019.2243041992188;400;0;4294967.183;100;2022-06-27T17:48:34.895842
;16b541f3-eb1c-4a53-a903-a2be992127c5;;2128520460;37.245;23.67;35.593666076660156;78.400146484375;0.171630859375;1018.789794921875;400;0;0.012;100;2022-06-27T17:47:31.512379
;86e80859-3716-4ee5-b022-62b8e9c503bd;;2128519425;38.382;22.717;34.06250762939453;90.411376953125;0.43359375;1019.2076416015625;400;0;4294967.18;100;2022-06-27T17:47:18.410344
;591fea04-583b-4677-a9ba-1c511e8fe3f1;;2128520512;38.178;23.861;31.61810302734375;11.419189453125;0.517333984375;1019.6080322265625;400;0;4294967.243;100;2022-06-27T17:47:11.826784
;945b615c-b064-4b67-816c-2479208c9c3d;;2128520460;37.191;23.67;29.854122161865234;79.8896484375;0.109130859375;1018.837158203125;400;0;0.012;100;2022-06-27T17:46:15.016237
;cda26e85-d2f3-4f16-977b-7ab75b43629c;;2128519425;38.35;22.678;34.01417922973633;91.06396484375;0.116943359375;1019.2106323242188;400;0;4294967.183;100;2022-06-27T17:46:01.921068
;eb327a39-dd76-47cc-a3fa-f0ee21afe0a8;;2128520460;37.106;23.701;30.036846160888672;81.666748046875;0.1025390625;1018.8161010742188;400;0;0.01;100;2022-06-27T17:44:58.602207
;2a7eece0-ca78-40b0-a6b8-b79ac106d367;;2128520512;38.146;23.8;31.555145263671875;11.762939453125;0.0703125;1019.6063842773438;400;0;4294967.243;100;2022-06-27T17:44:55.160292
;6d40d0d6-d533-452a-9a39-7bf4ca2a1c73;;2128519425;38.275;22.724;34.02875900268555;92.024658203125;0.525146484375;1019.205810546875;400;0;4294967.185;100;2022-06-27T17:44:45.350417
;47041252-f8da-4065-ac42-95a274dd62ab;;2128520460;37.191;23.64;33.52347183227539;81.447998046875;0.1416015625;1018.834716796875;400;0;0.013;100;2022-06-27T17:43:42.090070
;81b9418c-cd96-4314-b355-984cdacdd889;;2128519425;38.242;22.694;34.020545959472656;93.1591796875;0.532958984375;1019.1868896484375;400;0;4294967.184;100;2022-06-27T17:43:28.796920
;7f08dd71-f95a-4d79-bc34-44996fc27912;;2128520512;38.135;23.724;35.50330352783203;11.88525390625;0.101318359375;1019.6268920898438;400;0;4294967.245;100;2022-06-27T17:42:38.779890
;7873f8c3-5f93-47b3-9941-996bbd5dde43;;2128520460;37.202;23.624;33.833518981933594;82.93994140625;0.31640625;1018.7771606445312;400;0;0.013;100;2022-06-27T17:42:25.420206
;88785317-5557-4051-bfd3-8e202ed79260;;2128519425;38.339;22.61;34.073795318603516;93.508056640625;0.41796875;1019.2112426757812;400;0;4294967.183;100;2022-06-27T17:42:12.287360
;1c653a83-979c-41be-ad50-7611fe3ee551;;2128520460;37.03;23.716;35.62141799926758;83.451416015625;0.163818359375;1018.9090576171875;400;0;0.01;100;2022-06-27T17:41:08.895517
;85ace1c2-7493-458d-a49c-ac1556208702;;2128519425;38.285;22.61;34.106842041015625;94.87890625;0.109130859375;1019.170654296875;400;0;4294967.186;100;2022-06-27T17:40:55.803359
;90bafaab-21cc-4e9d-b646-3190158b3c56;;2128520512;38.124;23.769;36.71775436401367;11.976806640625;0.5771484375;1019.6782836914062;400;0;4294967.241;100;2022-06-27T17:40:22.336814
;fc89b9cc-53ba-4b2e-8997-ad7588c14dbc;;2128520460;37.224;23.571;33.737144470214844;83.372802734375;0.1025390625;1018.7881469726562;400;0;0.012;100;2022-06-27T17:39:52.367163
;91276a93-46a9-4069-91ed-d94b4ea247ad;;2128519425;38.318;22.587;34.774070739746094;95.7900390625;0.2333984375;1019.2398681640625;400;0;4294967.184;100;2022-06-27T17:39:39.289353
;c0227d28-2e5a-4f71-8a9e-20e27a5a1e44;;2128520460;37.234;23.556;35.65078353881836;85.204345703125;0.1728515625;1018.7918701171875;400;0;0.01;100;2022-06-27T17:38:35.873895
;6095d1ff-b303-4578-b425-85eaed5a9618;;2128519425;38.446;22.564;34.14057159423828;96.415283203125;0.2568359375;1019.1337280273438;400;0;4294967.188;100;2022-06-27T17:38:22.767003
;acce9f06-9f74-4871-834a-8013674130cf;;2128520512;38.157;23.808;31.39694595336914;12.7900390625;0.37890625;1019.6526489257812;400;0;4294967.244;100;2022-06-27T17:38:05.843389
;71a79e8b-cb32-4525-8adb-a475f7aaafad;;2128520460;37.224;23.739;30.278329849243164;85.5087890625;0.1181640625;1018.8072509765625;400;0;0.011;100;2022-06-27T17:37:19.294474
;ffdd77b0-5c6e-48f2-b84d-22645b10b06b;;2128519425;38.435;22.594;37.657798767089844;97.813232421875;0.179443359375;1019.1060180664062;400;0;4294967.181;100;2022-06-27T17:37:06.035038
;6ff538d2-7d1c-474b-a89c-9c3282e52cdc;;2128520460;37.116;23.685;29.937458038330078;87.923583984375;0.0078125;1018.8468627929688;400;0;0.015;100;2022-06-27T17:36:02.885566
;173bfb45-c06f-4fdf-bd09-8ad5953d9908;;2128519425;38.435;22.564;34.038726806640625;99.03173828125;0.109130859375;1019.1141967773438;400;0;4294967.186;100;2022-06-27T17:35:49.474852
;abd19572-a0f0-4736-bfaf-01105fdd3727;;2128520512;38.146;23.747;34.865177154541016;12.72509765625;0.179443359375;1019.6166381835938;400;0;4294967.243;100;2022-06-27T17:35:49.373323
;5d698574-3066-41fe-8768-5b82f68f3236;;2128520460;37.052;23.747;30.819591522216797;87.6318359375;0.2177734375;1018.8040771484375;400;0;0.01;100;2022-06-27T17:34:46.374726
;5cc3fafa-7266-4e6c-b0f2-e1f44046161a;;2128519425;38.435;22.472;34.09809112548828;100.174560546875;0.462646484375;1019.1732177734375;400;0;4294967.185;100;2022-06-27T17:34:33.000182
;aca78194-94b2-41d4-b8a3-cc7cc3b7f765;;2128520512;38.135;23.769;31.87835121154785;12.91259765625;0.2021484375;1019.64404296875;400;0;4294967.241;100;2022-06-27T17:33:32.981604
;df97b42d-ccda-40dd-a98f-d3e7da8963d2;;2128520460;37.084;23.632;30.095067977905273;89.9189453125;0.078125;1018.756103515625;400;0;0.011;100;2022-06-27T17:33:29.883071
;0c2e3a36-d291-41c8-a6fc-447cd506a783;;2128519425;38.425;22.579;34.148780822753906;101.708984375;0.349365234375;1019.1099243164062;400;0;4294967.184;100;2022-06-27T17:33:16.413031
;ee735bf9-2ee8-47b5-ba30-62bc3d5bd21b;;2128520460;37.116;23.64;29.65991973876953;90.236572265625;0.023681640625;1018.8468627929688;400;0;0.011;100;2022-06-27T17:32:13.405873
;f7dd4d8e-5d3d-4178-be82-25d3c6cc2f7e;;2128519425;38.435;22.541;34.05325698852539;102.988525390625;0.6318359375;1019.1257934570312;400;0;4294967.186;100;2022-06-27T17:31:59.854786
;e088eaed-6d21-488e-9e3e-f2aa1b53f4c7;;2128520512;38.135;23.884;21.126943588256836;13.50732421875;0.525146484375;1019.6268920898438;400;0;4294967.243;100;2022-06-27T17:31:16.564869
;25003631-ef62-4f75-a18e-e21fae940953;;2128520460;37.095;23.739;31.730384826660156;93.188232421875;0.179443359375;1018.7993774414062;400;0;0.011;100;2022-06-27T17:30:56.930569
;964439b3-fb33-4cfd-bc45-7c5afdbc7d41;;2128519425;38.403;22.556;39.19557571411133;104.40380859375;0.43359375;1019.077880859375;400;0;4294967.186;100;2022-06-27T17:30:43.278436
;73f78c13-513b-4f4c-ab3c-cbb18bf4964f;;2128520460;36.977;23.838;32.93427658081055;92.531982421875;0.451416015625;1018.7920532226562;400;0;0.008;100;2022-06-27T17:29:40.418501
;94dcf6c4-3a8b-48d5-8863-0abe74553d39;;2128519425;38.414;22.572;34.02748489379883;105.37060546875;0.501708984375;1019.1135864257812;400;0;4294967.183;100;2022-06-27T17:29:26.679439
;3952bc3b-8ec8-4a8a-a78e-1dbe507b78eb;;2128520512;38.082;23.731;31.268779754638672;13.78857421875;0.39453125;1019.59619140625;400;0;4294967.241;100;2022-06-27T17:29:00.179988
;8c23e214-eb91-4ae9-8f20-cce36b6e5758;;2128520460;37.009;23.731;30.336284637451172;94.467529296875;0.015625;1018.7540893554688;400;0;0.01;100;2022-06-27T17:28:23.939411
;ae407cae-2cd8-495b-b21b-06d6f73aea3d;;2128519425;38.403;22.572;36.38747024536133;106.19091796875;0.349365234375;1019.09765625;400;0;4294967.184;100;2022-06-27T17:28:09.986617
;9e986df1-1b67-40f7-9a70-b40d19c39133;;2128520460;37.095;23.716;30.045448303222656;95.698486328125;0.291259765625;1018.8859252929688;400;0;0.01;100;2022-06-27T17:26:59.305574
;c0982a77-2c14-481a-80b2-5f989f342835;;2128519425;38.371;22.625;34.017887115478516;107.191162109375;0.148193359375;1019.0775146484375;400;0;4294967.185;100;2022-06-27T17:26:53.445345
;b9d03202-b48b-404e-aef4-ff55dd96cc7d;;2128520512;38.092;23.823;35.753807067871094;14.129150390625;0.031494140625;1019.6595458984375;400;0;4294967.243;100;2022-06-27T17:26:43.804845
;01118478-9a64-48bf-8bd9-fee048e02ad2;;2128520460;36.998;23.64;30.183469772338867;95.836181640625;0.1259765625;1018.7734375;400;0;0.01;100;2022-06-27T17:25:42.714158
;7c6e2a1c-5b06-483c-93f4-84b21a5be2e8;;2128519425;38.339;22.564;34.043373107910156;107.931884765625;0.2021484375;1019.203125;400;0;4294967.185;100;2022-06-27T17:25:36.945380
;d9dff25b-ee38-4aed-baa2-14314a920160;;2128520512;38.082;23.594;34.65555191040039;14.346435546875;0.37890625;1019.6595458984375;400;0;4294967.24;100;2022-06-27T17:24:27.341339
;41c3c297-134f-4677-a82e-a77cbd61d13e;;2128519425;38.328;22.48;33.95869064331055;109.28759765625;0.30859375;1019.1476440429688;400;0;4294967.186;100;2022-06-27T17:24:20.366118
;4fb95be2-9454-4b2d-bd98-4070ae9cc13e;;2128520460;37.052;23.457;20.565324783325195;96.82666015625;0.205322265625;1018.8314819335938;400;0;0.011;100;2022-06-27T17:24:18.034724
;fb1ef76a-e854-4aa2-a296-42d61a402144;;2128519425;38.285;22.472;34.01099395751953;110.158203125;0.325927734375;1019.1472778320312;400;0;4294967.184;100;2022-06-27T17:23:03.632706
;d2a9caea-0796-4bbd-91f8-d3c724dde497;;2128520460;37.159;23.411;34.341434478759766;98.37548828125;0.078125;1018.8009643554688;400;0;0.01;100;2022-06-27T17:23:01.678555
;df89806e-75d5-456b-897d-c5d21c51d9be;;2128520512;38.124;23.632;31.451496124267578;14.596435546875;0.2177734375;1019.55859375;400;0;4294967.243;100;2022-06-27T17:22:10.824333
;4ce8e85f-0bf0-4f8c-baa1-6503523911c1;;2128519425;38.264;22.541;37.78480529785156;111.273681640625;0.357177734375;1019.2568969726562;400;0;4294967.18;100;2022-06-27T17:21:46.969927
;b6dcb793-df57-4054-bf67-010188febb3a;;2128520460;37.224;23.38;33.77400207519531;100.438720703125;0.1650390625;1018.7849731445312;400;0;0.012;100;2022-06-27T17:21:45.196461
;09fed199-281c-4c00-9088-802fc5b00304;;2128519425;38.253;22.511;39.61787414550781;112.567138671875;0.0;1019.191162109375;400;0;4294967.181;100;2022-06-27T17:20:30.324860
;aeb21173-3bc5-45c1-a356-b80f096fe6ee;;2128520460;37.342;23.167;30.129650115966797;100.325439453125;0.093505859375;1018.728759765625;400;0;0.01;100;2022-06-27T17:20:28.762903
;b9a18d34-5ea6-4f01-829c-b7e9affc3f04;;2128520512;38.135;23.708;31.9534854888916;14.841796875;0.41796875;1019.6492309570312;400;0;4294967.243;100;2022-06-27T17:19:54.390110
;9bcde71b-3572-4b96-a6c5-2b8988713b23;;2128519425;38.403;22.518;33.95241165161133;113.410888671875;0.6240234375;1019.1328735351562;400;0;4294967.181;100;2022-06-27T17:19:13.771917
;08f5f895-d56a-4bd9-a025-4ef935e23b68;;2128520460;37.438;23.289;30.46316146850586;100.6142578125;0.2021484375;1018.767822265625;400;0;0.012;100;2022-06-27T17:19:12.319213
;9c14d023-5a69-4726-a470-d777c943d6e9;;2128519425;38.382;22.488;40.03886413574219;114.244873046875;0.015625;1019.026123046875;400;0;4294967.184;100;2022-06-27T17:17:57.200724
;2a1e47bb-00f1-4644-846c-3ea35d7a6a6b;;2128520460;37.384;23.258;36.597591400146484;102.267822265625;0.228759765625;1018.8456420898438;400;0;0.01;100;2022-06-27T17:17:55.874573
;6caf4e1b-56e6-4170-a0dd-c51bfc010204;;2128520512;38.146;23.693;31.746387481689453;15.1572265625;0.1865234375;1019.6644287109375;400;0;4294967.243;100;2022-06-27T17:17:38.020609
;b05df2c2-b3ed-421c-ae62-f10158798425;;2128519425;38.382;22.549;32.45143127441406;115.1767578125;0.478271484375;1019.1487426757812;400;0;4294967.189;100;2022-06-27T17:16:40.619069
;c424389a-521d-4cf5-92e4-481737c30480;;2128520460;37.224;23.479;30.014347076416016;102.174072265625;0.2255859375;1018.789794921875;400;0;0.012;100;2022-06-27T17:16:39.410056
;6c63fc8a-3585-4643-9f80-82f0ae4d6012;;2128519425;38.36;22.549;34.05731964111328;115.8955078125;0.493896484375;1019.16064453125;400;0;4294967.183;100;2022-06-27T17:15:24.069213
;a5b2fbc4-7244-47ea-bc48-a1195d1bb6dc;;2128520460;37.299;23.426;30.64260482788086;104.109619140625;0.1728515625;1018.75927734375;400;0;0.013;100;2022-06-27T17:15:22.891990
;cadb80b2-a41f-4e9d-98a5-1b3c887aea90;;2128520512;38.124;23.762;31.49608612060547;15.1572265625;0.2646484375;1019.5704956054688;400;0;4294967.243;100;2022-06-27T17:15:21.672693
;b872c7be-36c2-40a8-894b-a0d4b18d6b00;;2128519425;38.35;22.564;34.037147521972656;116.060791015625;0.43359375;1019.172119140625;400;0;4294967.183;100;2022-06-27T17:14:07.450469
;eda3c072-a7ce-4b4d-aea6-43578f904b93;;2128520460;37.245;23.487;33.27095031738281;104.359619140625;0.109130859375;1018.7960815429688;400;0;0.008;100;2022-06-27T17:14:06.395081
;7069a498-9ac9-4535-9d22-08beb25150a8;;2128520512;38.071;23.815;31.475770950317383;15.154296875;0.41796875;1019.6595458984375;400;0;4294967.245;100;2022-06-27T17:13:05.171829
;432f2d2f-66a6-439c-a258-5263e3f4c1c3;;2128519425;38.371;22.556;37.575531005859375;117.054443359375;0.357177734375;1019.1674194335938;400;0;4294967.186;100;2022-06-27T17:12:50.662135
;c37b5713-1c37-43cf-bc0c-fc934895eee8;;2128520460;37.32;23.373;31.298240661621094;105.261962890625;0.2177734375;1018.7570190429688;400;0;0.011;100;2022-06-27T17:12:49.881582
;7c4f9f1c-8108-4653-a3e4-b6eed8060e56;;2128519425;38.339;22.465;38.33157730102539;117.60693359375;0.302490234375;1019.0843505859375;400;0;4294967.186;100;2022-06-27T17:11:33.990926
;4903960c-f392-41f0-8d20-a920dadd3f9e;;2128520460;37.256;23.289;30.04754638671875;106.627197265625;0.5244140625;1018.7445068359375;400;0;0.013;100;2022-06-27T17:11:33.373135
;9423c500-abbf-47b6-a68b-0cd9e717b54c;;2128520512;38.082;23.762;31.252696990966797;15.841796875;0.171630859375;1019.6093139648438;400;0;4294967.244;100;2022-06-27T17:10:48.824726
;fe884916-fd40-47ac-96cc-77e811da6be1;;2128519425;38.339;22.594;34.023895263671875;118.209228515625;0.532958984375;1019.1631469726562;400;0;4294967.185;100;2022-06-27T17:10:17.436012
;476c0689-ae8b-422c-94e7-d46bd3cf5a99;;2128520460;37.417;23.327;33.539695739746094;105.36865234375;0.1728515625;1018.774658203125;400;0;0.012;100;2022-06-27T17:10:16.886353
;9673c748-6127-4843-aef3-dac009764486;;2128519425;38.307;22.533;37.81619644165039;119.080078125;0.0859375;1019.1670532226562;400;0;4294967.183;100;2022-06-27T17:09:00.865057
;d01191d8-eeee-4fc6-b4d4-e67352d9d9e5;;2128520460;37.374;23.266;32.10596466064453;107.825927734375;0.4931640625;1018.8026733398438;400;0;0.01;100;2022-06-27T17:09:00.390462
;ac5c4e40-509c-4b35-833c-7234a604834e;;2128520512;38.049;23.762;36.12445831298828;15.841796875;0.38671875;1019.67431640625;400;0;4294967.245;100;2022-06-27T17:08:32.359586
;0233a1ef-a0e9-43b1-9e8d-931faebc29fc;;2128519425;38.307;22.518;33.945560455322266;119.861328125;0.333740234375;1019.2145385742188;400;0;4294967.184;100;2022-06-27T17:07:44.364009
;7c1fc071-fbb1-4342-ba49-3d85157f2785;;2128520460;37.309;23.312;34.868797302246094;107.140625;0.015625;1018.7259521484375;400;0;0.01;100;2022-06-27T17:07:43.918028
;6f63126d-693d-4817-bb3a-f462b94d40de;;2128519425;38.285;22.503;33.98888397216797;120.853759765625;0.2333984375;1019.2181396484375;400;0;4294967.185;100;2022-06-27T17:06:27.808434
;1c8bddc5-189c-4384-b043-e18a6ad94cdd;;2128520460;37.213;23.289;34.800987243652344;109.44873046875;0.30078125;1018.7943725585938;400;0;0.011;100;2022-06-27T17:06:27.425225
;c50a22f5-1c1e-4701-b7ff-1950cc5d867f;;2128520512;38.039;23.67;31.540348052978516;16.086181640625;0.2490234375;1019.59375;400;0;4294967.243;100;2022-06-27T17:06:16.013896
;6892d93f-4e15-4418-a098-de75e7870b78;;2128519425;38.296;22.587;33.995914459228516;121.593505859375;0.6162109375;1019.2814331054688;400;0;4294967.183;100;2022-06-27T17:05:11.170517
;36a815e6-5f47-40f1-87c1-26ec49c0545a;;2128520460;37.32;23.38;30.027124404907227;109.79248046875;0.156005859375;1018.802978515625;400;0;0.012;100;2022-06-27T17:05:10.834469
;a2a18f77-2431-48c6-a0c6-3b6891f6cf45;;2128520512;37.996;23.769;31.427141189575195;16.336181640625;0.062744140625;1019.7440795898438;400;0;4294967.243;100;2022-06-27T17:03:59.640534
;f1eaf21d-19dd-4ed1-a1ce-22c069ebf5c2;;2128519425;38.264;22.617;34.038875579833984;122.3056640625;0.148193359375;1019.2014770507812;400;0;4294967.185;100;2022-06-27T17:03:54.574576
;1f1f2817-240a-4d91-9310-69bcfba5e236;;2128520460;37.277;23.396;30.275989532470703;110.590087890625;0.03125;1018.798828125;400;0;0.016;100;2022-06-27T17:03:54.308538
;b2a2172e-6ec4-43d6-9b58-64908ffcef13;;2128519425;38.232;22.503;18.1719970703125;123.39794921875;0.333740234375;1019.177734375;400;0;4294967.184;100;2022-06-27T17:02:38.033251
;38f78b46-b9a7-4344-8e53-a0ae270c7068;;2128520460;37.148;23.319;30.523122787475586;110.246337890625;0.078125;1018.8786010742188;400;0;0.008;100;2022-06-27T17:02:37.830873
;2a65cd1c-4687-402d-b874-a404d6574b7d;;2128520512;38.039;23.724;31.842079162597656;16.492431640625;0.03125;1019.78173828125;400;0;4294967.244;100;2022-06-27T17:01:43.104400
;6d7da222-5c7e-41be-8896-b229013ae1b3;;2128519425;38.242;22.602;39.49467468261719;124.005615234375;0.5615234375;1019.224853515625;400;0;4294967.183;100;2022-06-27T17:01:21.562604
;3b05e955-a586-41f3-a291-684654ea824a;;2128520460;37.224;23.35;33.41663360595703;112.209228515625;0.396728515625;1018.8873291015625;400;0;0.012;100;2022-06-27T17:01:21.253614
;477763eb-11a6-438e-abae-2f804e41d328;;2128519425;38.296;22.556;21.78799819946289;124.63232421875;0.1494140625;1019.2413940429688;400;0;4294967.181;100;2022-06-27T17:00:05.033846
;11953785-a7e7-4fad-8ae2-589bb98445ea;;2128520460;37.213;23.296;34.20795822143555;112.084228515625;0.156005859375;1018.9212646484375;400;0;0.011;100;2022-06-27T17:00:04.763109
;467fcc68-2a74-40f2-ad84-38b07ecd3449;;2128520512;38.039;23.777;31.88381004333496;17.148681640625;0.015625;1019.8143920898438;400;0;4294967.24;100;2022-06-27T16:59:26.784947
;95bc75f4-c053-4d17-a97c-857fb9583398;;2128519425;38.275;22.64;33.9372444152832;125.403076171875;0.38671875;1019.2809448242188;400;0;4294967.184;100;2022-06-27T16:58:48.534839
;259e624c-eddb-4afd-965e-27110d8a5a0d;;2128520460;37.277;23.403;30.20587158203125;112.8642578125;0.046875;1018.8764038085938;400;0;0.012;100;2022-06-27T16:58:48.261555
;0ee2e19c-5005-4527-a3a3-e216d94b85ad;;2128519425;38.264;22.617;21.46795654296875;125.94140625;0.0859375;1019.30859375;400;0;4294967.183;100;2022-06-27T16:57:32.037061
;ba41df4c-ae7b-410a-a537-6bbfe9d9a2b9;;2128520460;37.224;23.502;32.560142517089844;113.337158203125;0.054931640625;1018.8262329101562;400;0;0.01;100;2022-06-27T16:57:31.661836
;69414e04-78dd-4f64-8298-65cf0fd3b8fd;;2128520512;38.049;23.685;36.173580169677734;16.836181640625;0.509521484375;1019.7048950195312;400;0;4294967.243;100;2022-06-27T16:57:10.355384
;5cdd4a96-d791-4ac4-8aa4-854c6ef7dbaf;;2128519425;38.242;22.617;37.559505462646484;126.8408203125;0.0078125;1019.2968139648438;400;0;4294967.185;100;2022-06-27T16:56:15.409479
;ea590dae-5054-4db4-b1b8-017797fde1ec;;2128520460;37.106;23.487;30.496702194213867;114.888916015625;0.32421875;1018.912841796875;400;0;0.01;100;2022-06-27T16:56:15.202934
;78de4d3d-b12f-4dd8-aa01-e8b00e3f8ab1;;2128519425;38.264;22.556;33.900306701660156;127.25390625;0.2333984375;1019.233154296875;400;0;4294967.181;100;2022-06-27T16:54:58.854186
;7c4c53a0-48f1-4a5d-a3ba-47a380cea759;;2128520460;37.234;23.273;32.42390441894531;114.982666015625;0.078125;1018.8936767578125;400;0;0.01;100;2022-06-27T16:54:58.770525
;4118f3a8-cb6c-4843-937a-1e9a2668c594;;2128520512;38.028;23.716;31.53575897216797;17.302978515625;0.023681640625;1019.7048950195312;400;0;4294967.241;100;2022-06-27T16:54:53.944896
;8e00ef9f-9e0e-43b7-af3a-2962bdf469e7;;2128519425;38.264;22.602;36.84673309326172;127.7431640625;0.1884765625;1019.26123046875;400;0;4294967.183;100;2022-06-27T16:53:42.278100
;ea92016b-8531-4bee-8072-45d58beae3e1;;2128520460;37.299;23.357;33.355224609375;116.74609375;0.1416015625;1018.8848266601562;400;0;0.011;100;2022-06-27T16:53:41.973068
;04801e4b-7afe-4f1d-a869-56777050862f;;2128520512;37.996;23.716;30.73310089111328;17.677978515625;0.0625;1019.7493896484375;400;0;4294967.243;100;2022-06-27T16:52:37.525022
;692ec4ef-cd97-44e5-8d6b-94b58f7bfd99;;2128519425;38.253;22.526;34.03321838378906;128.5869140625;0.1943359375;1019.3007202148438;400;0;4294967.181;100;2022-06-27T16:52:25.546721
;52f35ce2-d539-406f-81bb-dfe78b9d6a22;;2128520460;37.202;23.266;30.910459518432617;116.1318359375;0.078125;1018.8245239257812;400;0;0.011;100;2022-06-27T16:52:25.508018
;b30619c6-538b-4293-96b2-79b43f712ee6;;2128520460;37.234;23.273;34.07554244995117;117.843017578125;0.33984375;1018.8782958984375;400;0;0.011;100;2022-06-27T16:51:09.025183
;f706dd56-c4b3-4f25-857a-53678376b195;;2128519425;38.232;22.587;40.07045364379883;129.108154296875;0.2021484375;1019.2920532226562;400;0;4294967.185;100;2022-06-27T16:51:08.791138
;3903d46a-46c1-4b86-a169-ec0280c0e97c;;2128520512;37.974;23.792;31.88966178894043;17.802978515625;0.039306640625;1019.7355346679688;400;0;4294967.243;100;2022-06-27T16:50:21.071805
;fcca145f-9d75-46cd-b1cb-2e6dad743a10;;2128520460;37.299;23.35;36.06644058227539;118.97412109375;0.070556640625;1018.8826293945312;400;0;0.013;100;2022-06-27T16:49:52.552891
;d937eec6-482b-403a-8c13-5f907185929f;;2128519425;38.221;22.648;36.3516845703125;129.404296875;0.156005859375;1019.2564086914062;400;0;4294967.184;100;2022-06-27T16:49:52.193368
;9b6b1eda-a0d1-429e-8ee3-53dafbcda8e0;;2128520460;37.266;23.388;30.385122299194336;118.59912109375;0.1025390625;1018.8742065429688;400;0;0.008;100;2022-06-27T16:48:36.059152
;79b945bb-b02e-48a5-8668-9a0c52edda43;;2128519425;38.221;22.625;37.06998825073242;130.455810546875;0.37109375;1019.3233032226562;400;0;4294967.184;100;2022-06-27T16:48:35.598662
;a76154ce-f3dd-422c-8b50-8dc3a031f9b1;;2128520512;37.996;23.869;31.465255737304688;17.705810546875;0.2568359375;1019.75439453125;400;0;4294967.243;100;2022-06-27T16:48:04.431759
;036b5322-ece0-431d-8faf-205d6bd0723b;;2128520460;37.342;23.273;30.24819564819336;120.067626953125;0.1025390625;1018.8524780273438;400;0;0.007;100;2022-06-27T16:47:19.566280
;06f60999-508e-4d12-8f18-502d212b0edb;;2128519425;38.232;22.602;21.4196834564209;131.0498046875;0.2646484375;1019.264404296875;400;0;4294967.185;100;2022-06-27T16:47:19.051915
;953e9ee3-43a9-4201-928b-d003b33817be;;2128520460;37.245;23.365;33.72949981689453;120.642333984375;0.1806640625;1018.8936767578125;400;0;0.012;100;2022-06-27T16:46:02.998302
;83da2155-1ee9-486b-a254-ea6e10e411f5;;2128519425;38.232;22.61;33.88657760620117;131.726318359375;0.023681640625;1019.3240356445312;400;0;4294967.181;100;2022-06-27T16:46:02.586832
;e0aa40c8-fdd7-4caf-ba53-ce7b6692e987;;2128520512;38.017;23.846;31.548370361328125;17.92041015625;0.1884765625;1019.8192749023438;400;0;4294967.239;100;2022-06-27T16:45:47.773643
;9e4ed088-1876-4e9a-aa72-5f2bb84cec29;;2128520460;37.288;23.449;19.9263973236084;120.900146484375;0.039306640625;1018.8911743164062;400;0;0.01;100;2022-06-27T16:44:46.506091
;59d7eb5f-d463-479c-a87d-f1ad749d51ac;;2128519425;38.21;22.739;38.323238372802734;132.320068359375;0.525146484375;1019.2723388671875;400;0;4294967.183;100;2022-06-27T16:44:46.104840
